,number,value,params_k_1_init,params_k_2_init,params_kt_1_init,state
0,0,5287359923747.921,9259191.734573344,7542681.055341988,8212178.659966621,COMPLETE
1,1,5087183155842.93,7179654.729482692,7644314.994572112,9125994.30407439,COMPLETE
2,2,2839929880715.388,9040401.412041655,1555516.6566208445,7812109.598035708,COMPLETE
3,3,3416819803952.333,8680035.15004008,6984907.495245439,2086169.1678008942,COMPLETE
4,4,2211150647751.21,2145093.460189029,3306995.145836805,1614990.587542249,COMPLETE
5,5,4749267037539.85,6210011.043876591,6669444.740469033,3847925.1783312852,COMPLETE
6,6,3941276020774.994,2893982.8211108455,5545263.522962357,9488776.087355137,COMPLETE
7,7,5976628308381.209,8655938.17430264,3536504.6464202255,6682599.599634963,COMPLETE
8,8,2329738185495.67,3810228.4597083004,7129094.799546061,7436067.784341564,COMPLETE
9,9,2402288412175.13,1361146.486562338,1778549.9971868068,3913778.507741967,COMPLETE
10,10,5273131165035.59,5974606.298566121,7678149.955659997,4991960.872760893,COMPLETE
11,11,6913078336300.811,6029972.478258323,8045742.439030605,6430437.535642661,COMPLETE
12,12,2281741986288.289,3089854.14657315,6870249.436065432,9010851.471994879,COMPLETE
13,13,3391058274354.741,3532466.5441019665,9523088.035631765,223266.53793412587,COMPLETE
14,14,2650582136027.1885,3555260.1721745487,3880077.59268725,275176.6533744631,COMPLETE
15,15,24024161733387.203,10052.762514910195,9345601.583715573,173373.00111632608,COMPLETE
16,16,5723983851969.773,552105.1845480422,9859861.537281685,624303.9584378133,COMPLETE
17,17,2189325916157.84,2747885.091072457,3586428.011643221,308981.360482743,COMPLETE
18,18,2991211754831.3374,2344945.7397045693,4138377.8384495378,2186291.7261529416,COMPLETE
19,19,2027319496953.139,2206040.9497229476,3613430.612961788,2229703.5769175566,COMPLETE
20,20,1991265539023.9941,1977491.5028975275,3731684.4131188965,2101857.6698144055,COMPLETE
21,21,3944786028237.3135,4641367.406883247,401414.9953633426,2132148.829322572,COMPLETE
22,22,2678760792111.018,1754166.2468612092,218320.2677692189,1864782.6695319558,COMPLETE
23,23,5760689044601.055,4892360.047707571,197032.245127453,3000512.6816091817,COMPLETE
24,24,1670773762562.8672,1865171.1566958595,2733400.4766773046,1467171.6504413132,COMPLETE
25,25,3159831074862.0547,1332197.0316436363,2477107.8529337817,1196776.3174728071,COMPLETE
26,26,5382204563423.296,1446011.932146971,2299233.4540846036,1257421.1002664207,COMPLETE
27,27,2456656769424.896,908481.824002086,5024191.739906732,1045544.867158399,COMPLETE
28,28,2766860399323.3237,870288.3580524494,5124036.02885648,3390251.02434952,COMPLETE
29,29,2073806650826.0251,1236720.4267650223,4654963.632719645,3164167.651086042,COMPLETE
30,30,2140854696740.9197,4390995.496346917,2749685.5050334064,4818729.782208805,COMPLETE
31,31,4152089975893.026,4155205.0107061127,4634953.847888112,5032831.7930463115,COMPLETE
32,32,3221805246677.6445,4369535.471689733,6018174.188697022,2581350.5586865777,COMPLETE
33,33,2054654437372.8403,4077650.595946697,2836572.3602638505,4962773.356757485,COMPLETE
34,34,15746639904242.012,146572.68952589575,5813743.1068001455,2844094.129145254,COMPLETE
35,35,10727320777369.432,8036.654058597749,2657345.9850422824,4855743.232105706,COMPLETE
36,36,2667182094161.8325,1967972.0273567513,4377100.407343038,2639373.174871998,COMPLETE
37,37,3078875969455.887,2050922.6239746124,4228881.486735696,3734173.9746353403,COMPLETE
38,38,3296682874534.962,2359326.760574755,4272079.8776434455,3634150.602621427,COMPLETE
39,39,2331580920210.821,2407948.8055079863,3171568.044622958,3956945.199232962,COMPLETE
40,40,8393214594381.635,7470724.278060535,1228217.1667060936,3691681.853923316,COMPLETE
41,41,4349150693656.0293,3138164.6155439727,1496198.5147804704,4196980.126522054,COMPLETE
42,42,8638088373264.896,5553632.967548838,1128191.1961486847,5890204.194211716,COMPLETE
43,43,2830880510559.53,5408786.887066694,3143354.8585330117,5784025.048084069,COMPLETE
44,44,2766133278490.7563,5335626.981663105,1879478.6080412068,5735946.280593997,COMPLETE
45,45,2368843819338.5034,5272562.611747926,1980270.9770254542,5638756.936502767,COMPLETE
46,46,5964266460151.323,912233.9574504656,2206328.3306766152,1577266.5552704555,COMPLETE
47,47,1549462092618.7979,943335.2753684156,1797261.7728217277,1529088.4402379375,COMPLETE
48,48,1192551583040.3223,755478.7262567964,3629982.0801619166,1571908.6999792466,COMPLETE
49,49,1935526211252.8804,1591722.5451241247,3676158.1444137157,1638585.846987005,COMPLETE
50,50,1608570950068.5027,1494599.01429621,2920883.5733376495,3223530.0873403437,COMPLETE
51,51,4840809483732.166,7053354.378868741,3644265.699937391,849168.4436422908,COMPLETE
52,52,1564446989697.346,458614.9664753417,3669323.841139655,868766.2783501821,COMPLETE
53,53,1230179356774.8176,648674.700185387,3396564.962203428,731650.4134150508,COMPLETE
54,54,1800768409773.22,1788660.6750620513,3082490.562989214,1611199.6513235029,COMPLETE
55,55,2012798084380.9954,513082.5430359817,3088347.760683046,1704548.6201750678,COMPLETE
56,56,1564414634654.7205,484191.3646874336,3113224.052579325,1522466.1902016243,COMPLETE
57,57,1816798587769.9343,495591.85061059357,1572375.940994395,633768.3076568939,COMPLETE
58,58,3334474436807.454,487510.81730713637,693219.0181337185,491836.1183944503,COMPLETE
59,59,11540892327990.854,9974080.15721003,717692.0084718782,621589.2423641857,COMPLETE
60,60,3068557468496.9727,421716.0985996882,3348047.110827747,2474558.1446837587,COMPLETE
61,61,2803674411392.4683,388604.0449104457,3363305.9769619736,112414.50800887239,COMPLETE
62,62,1445753790867.1577,1076103.9863403956,4005604.963874118,121055.04631098302,COMPLETE
63,63,1621249950882.513,964990.1601884733,3948977.4054204775,882078.4120024784,COMPLETE
64,64,1455238623744.9304,1036311.6901869309,4043160.99022551,923680.2032043096,COMPLETE
65,65,1693043540872.8547,955499.7928269098,3893454.4709068434,69537.01509283436,COMPLETE
66,66,2156263293397.83,1202647.2767733538,4593511.871700649,122231.76022606273,COMPLETE
67,67,3814780002402.8486,1128529.9511187726,5314711.790376173,48794.00545052171,COMPLETE
68,68,3421753240363.686,1113437.2577369956,5276020.247465663,1329136.2563729638,COMPLETE
69,69,4527743896018.66,754753.9355053753,5294782.239351659,1248127.0542492867,COMPLETE
70,70,1478218137314.9285,741042.2780672613,4933570.075440029,1204403.880514115,COMPLETE
71,71,5541752895303.97,658901.9466647011,2353393.098245805,1346751.7828887007,COMPLETE
72,72,11359800502486.47,193011.12715622992,4023153.612845263,8063120.0895553585,COMPLETE
73,73,12106444509131.166,281623.357395117,4767815.940465815,1889282.0445124104,COMPLETE
74,74,12430206730859.518,155363.52014312847,4798555.100222987,851653.628290155,COMPLETE
75,75,2031832847265.972,1544657.565644348,4057895.4867666066,593193.3908731635,COMPLETE
76,76,4316407826879.256,2715360.141577241,4880494.987182863,1020611.6732421098,COMPLETE
77,77,3009229300533.9307,2611743.15918608,6479606.432973435,1003830.055437336,COMPLETE
78,78,4700372427276.727,2645846.9049369656,5641485.331816975,476776.4285170713,COMPLETE
79,79,3371564887764.0947,732556.5644923921,6076232.991657639,1061635.2205969524,COMPLETE
80,80,1525043190177.6519,1389002.9458669676,3478002.15827761,2312921.8286557766,COMPLETE
81,81,1498222491955.1885,1285162.2121423173,3478629.649181365,2015487.5955261574,COMPLETE
82,82,2158979850894.4224,1273887.351869252,4402236.708624919,1881925.9232348115,COMPLETE
83,83,2225948316918.701,1439890.348854294,4447456.7065201225,1941859.648602759,COMPLETE
84,84,2777960891595.2915,1686649.882347744,4434172.980395974,2358729.8204682213,COMPLETE
85,85,1671808781685.2139,1561835.3692676895,3382097.139563116,2263615.1969674905,COMPLETE
86,86,1717980734027.8848,1738351.992338038,3439564.216143959,2331891.3459645533,COMPLETE
87,87,2568398062833.1504,1778722.0441465864,2593023.857246591,2510558.858060409,COMPLETE
88,88,3738688340959.1304,1096582.7029118885,2527315.1975755068,2746739.8396713235,COMPLETE
89,89,4298169167191.837,2158316.1776721035,8678721.616564672,2824917.7400116893,COMPLETE
90,90,1738695143004.8994,2159904.660091172,2841117.889880361,7113193.2082758825,COMPLETE
91,91,1288977987993.7917,756361.6003562198,3767554.5534735867,7333799.740485078,COMPLETE
92,92,1360693392774.584,713059.6837169492,2881408.100510439,376770.79024967924,COMPLETE
93,93,3089555456840.0664,744234.6294141794,2073395.8187907399,8781839.591135953,COMPLETE
94,94,4703684580630.529,741548.7350051694,2157484.4971133512,333998.1029372956,COMPLETE
95,95,1373103063404.3567,858685.237530204,3809767.339616699,367800.09788556886,COMPLETE
96,96,1327416186144.3118,825848.2825875524,3810976.651288124,9239115.743389925,COMPLETE
97,97,7848023540037.44,50843.11408753332,3858429.6001762403,8792936.74571825,COMPLETE
98,98,1734033671269.848,1251595.1031133062,3761903.7734456784,9823890.290987352,COMPLETE
99,99,2038944306982.5122,1281793.8370070606,4222829.355098282,7429870.216735363,COMPLETE
100,100,5641323265244.706,280638.7507358029,3753226.8415492154,6783595.043636973,COMPLETE
101,101,6343626715071.678,255320.3384927485,3518364.507682947,9210171.548054913,COMPLETE
102,102,1284196096163.3792,929961.3871975049,2934904.8001799476,6178706.647859704,COMPLETE
103,103,1260539523365.8691,971263.0311495286,2980413.569163327,4586815.432599024,COMPLETE
104,104,1304997695994.2932,655592.1427711556,3159912.8355386034,6106676.897189313,COMPLETE
105,105,1211058758941.722,989145.476220716,2923113.2215407956,6145659.0017071245,COMPLETE
106,106,1203996649538.287,951130.8503238964,2927788.232133879,4282761.139263562,COMPLETE
107,107,1292571623019.2583,995441.3576248379,2924876.858424633,6074990.340401363,COMPLETE
108,108,1291900060488.6304,896657.5687104984,3069134.430582074,6321903.801603137,COMPLETE
109,109,1342786605852.553,588797.719478618,3042980.764321244,6147054.585373383,COMPLETE
110,110,4825812438858.724,917824.0576696864,2425158.1478438014,6147869.957132022,COMPLETE
111,111,1753506270704.803,568486.6043652758,2999183.732852697,5449884.641521998,COMPLETE
112,112,3217155111933.5015,365961.40925830486,3229278.690023157,5442764.407948553,COMPLETE
113,113,3978094371917.454,8094052.078289227,2706979.5864393767,4571844.754665216,COMPLETE
114,114,1233535968404.8887,599394.5857196169,3224140.6646099417,6432580.237124345,COMPLETE
115,115,2523694522694.7144,887145.7664898428,2665245.286964149,6507878.443567599,COMPLETE
116,116,1195364854816.094,861456.6439941087,3050877.0697676498,6475375.556772442,COMPLETE
117,117,7689975961428.289,392.44418855325785,3279954.2779378956,6619197.734623004,COMPLETE
118,118,1411530582310.332,1094415.031327049,3225879.0889823507,6080681.047924236,COMPLETE
119,119,10243427539020.398,13137.739790575812,3245647.8481685463,6727732.81819707,COMPLETE
120,120,1615193710626.3164,569495.6240854507,2912922.0135903135,6950220.955519355,COMPLETE
121,121,5143937014884.41,1874496.8717198055,2316735.560933237,6944712.966222717,COMPLETE
122,122,5327523542693.516,1937229.5591704636,2316313.968203669,7054666.395547512,COMPLETE
123,123,1671365493035.502,607649.3586353185,2862449.8152677496,7371297.090299106,COMPLETE
124,124,1831608698617.576,568471.5521289953,2872444.856630911,6302592.595842725,COMPLETE
125,125,2046144508202.8508,898499.5879761623,2582257.1458278447,6291979.108433692,COMPLETE
126,126,1224371081754.5044,827521.3969454884,3599425.9048102554,6290309.199685088,COMPLETE
127,127,1256477239089.2297,832823.8813319342,3590654.405639529,6390023.6870536115,COMPLETE
128,128,4464714710741.659,339725.334878923,3575691.929469073,5942983.382712544,COMPLETE
129,129,4684420149961.196,6602848.663839516,3610098.8193136305,7721124.698102506,COMPLETE
130,130,4686830757712.903,6339667.100060679,3552553.7494168174,5171845.86154553,COMPLETE
131,131,1544778485105.8486,1479113.7048482953,3660352.158510646,5201728.390386801,COMPLETE
132,132,2248743338576.081,1065707.3860409192,2667412.0437784563,4225195.7731794,COMPLETE
133,133,1296621864535.617,1056186.7730159906,3026094.017497376,4275312.368269095,COMPLETE
134,134,1529228051268.4224,1336598.1307088276,3086785.9138765843,5602962.806341004,COMPLETE
135,135,1553227759554.1475,1380020.1901760534,3047426.3440022226,4609381.486998726,COMPLETE
136,136,1347562395969.9587,1039753.600002477,3289775.5852971007,4478481.650301697,COMPLETE
137,137,1190901658872.0667,1004281.3262007455,3348591.567170249,6454991.470485432,COMPLETE
138,138,1334621904452.7942,1050616.4914718124,3352679.462352952,6445809.590752803,COMPLETE
139,139,2040712329509.5432,3428593.825199682,3359001.0878362674,6344862.916623564,COMPLETE
140,140,1177113445859.2307,855817.8223330921,3432608.346777377,6547536.938089418,COMPLETE
141,141,1327046646457.6157,839542.3730631876,4139126.305819065,7254074.167567275,COMPLETE
142,142,5873716859760.81,360260.72903161973,2491862.8773241574,7198715.156287556,COMPLETE
143,143,2000054827490.8623,1652653.9256469645,4122388.647799046,7161931.051010194,COMPLETE
144,144,1852723382359.0955,1654944.9994962998,2749528.1674679667,5946487.668607419,COMPLETE
145,145,1902854630819.1997,1535685.6341791288,3852407.7150412872,7686615.967334889,COMPLETE
146,146,1525406459876.0728,1221181.4634205,2775267.884073619,5938261.427951106,COMPLETE
147,147,1394437989734.7866,785567.0955392343,3876092.8195348717,6625943.392508365,COMPLETE
148,148,1357807681804.5615,1224658.4429886674,3461738.4084920045,6625728.744972289,COMPLETE
149,149,1224857017539.2673,1221407.665712446,3449366.3284279555,5690083.460997035,COMPLETE
150,150,1487313633699.925,464615.7470559785,3536649.9808943984,6566725.448727459,COMPLETE
151,151,5057746272710.413,349275.7695099815,3014214.009906632,6902707.9457480265,COMPLETE
152,152,6815076515240.447,234520.56658455578,3723511.602205926,5587777.179391066,COMPLETE
153,153,6159965247948.908,190201.3113953513,3130643.403296418,6855035.952129195,COMPLETE
154,154,1177374506022.708,865153.0859428344,3284232.2513001757,5688090.009777856,COMPLETE
155,155,1188727194351.8828,850415.1251488696,3330860.389912291,6325502.527423877,COMPLETE
156,156,1156860656607.2593,815528.3533883344,3328203.75582614,6348407.322219395,COMPLETE
157,157,1164839440211.3982,777018.0837940581,3365366.73937557,5736200.740280737,COMPLETE
158,158,1153708179397.5989,801641.64263464,3359184.742899525,5785526.1386301685,COMPLETE
159,159,1237170779508.9683,666868.6647492182,3347821.413525059,5346272.112285402,COMPLETE
160,160,1232007581364.7234,669651.1130552688,3215628.817952142,5808931.688140531,COMPLETE
161,161,1184395333738.604,648170.9600444431,3340988.9623411126,5744613.445656462,COMPLETE
162,162,1411310131462.276,593838.7157219187,3385269.8770514317,5330074.386762836,COMPLETE
163,163,1187000023195.2969,677229.8042170778,3364570.2499750378,5741284.291178012,COMPLETE
164,164,1197700724258.0247,672353.3732092179,3307146.3010897767,5717826.703095138,COMPLETE
165,165,1483065133882.259,1223063.129996769,3224015.741675458,5752924.106726321,COMPLETE
166,166,1466213436048.667,1201354.302199134,3954641.15631609,5802042.238911892,COMPLETE
167,167,1547790780075.945,1176128.9896993642,3998759.9539251993,5633324.916840289,COMPLETE
168,168,3331325462031.1094,455432.57748672104,3914435.2009241506,5630584.26079804,COMPLETE
169,169,1202136553219.248,802448.2317575429,3479622.6511022584,4995351.203203928,COMPLETE
170,170,2348354048244.3174,460670.8165856814,3472485.115207099,5875012.557413972,COMPLETE
171,171,2600429333737.2124,441395.95489638986,3450185.3110346487,5043123.805922052,COMPLETE
172,172,1702518581091.7827,1403309.4357850053,3600903.8835642175,4955862.514065032,COMPLETE
173,173,1674604647027.773,1397754.0917278393,3588372.368881392,4862966.335927049,COMPLETE
174,174,1150927522047.1626,768181.2957422389,3417594.0894297655,5020957.6928948155,COMPLETE
175,175,1142185666483.1218,780455.23842668,3383964.763890237,5121079.284740849,COMPLETE
176,176,1137941672416.4111,738539.5093631429,3337508.7266542385,5980643.844685452,COMPLETE
177,177,9403275788283.016,193722.97036516538,2777441.431528748,5200657.47610803,COMPLETE
178,178,1478966217197.7131,777306.7149483047,2771845.1484744987,5466942.392188527,COMPLETE
179,179,1187558642978.841,745682.2945517536,3226497.3241668087,5231627.328287741,COMPLETE
180,180,1215341002609.8276,765217.7155430563,3161153.660380061,6068964.702203144,COMPLETE
181,181,1321392823328.8699,1026005.6811422801,3183541.674425222,6002614.07391708,COMPLETE
182,182,1219284820867.7305,667137.6783831399,3293706.913965687,5299898.1374429865,COMPLETE
183,183,1428502532373.7966,605388.0916746277,3753515.916991188,4718970.120772645,COMPLETE
184,184,5396028135425.639,634653.3777628432,7338087.604213512,5193537.125625479,COMPLETE
185,185,1416014269360.9446,593996.8023063168,2978046.4702092614,5267555.8749269685,COMPLETE
186,186,1347181862934.5542,952854.3320160632,3700248.8081225744,4750976.17060176,COMPLETE
187,187,1335860425049.817,988544.0471085533,3032956.345022682,4725220.345634472,COMPLETE
188,188,1345171509919.7708,1006441.3657471394,3039243.59146109,5537718.198884112,COMPLETE
189,189,5414578673758.04,374023.76153602183,2998990.743417877,5586376.975739056,COMPLETE
190,190,7609929388663.195,348766.0676593952,2547188.1929781316,5417991.475672467,COMPLETE
191,191,2207575325808.0703,460522.58379044087,3363722.9065948226,5820157.931752679,COMPLETE
192,192,1154162197959.444,819907.2581828211,3295300.8127650535,6149123.689985346,COMPLETE
193,193,1141715075879.2397,801141.05904937,3351494.1502808714,5048291.916572855,COMPLETE
194,194,1174506756849.4436,795171.5651862917,3224525.69610272,6188906.612902044,COMPLETE
195,195,1172210422948.8335,840323.1935453101,3307380.016920832,6148549.216134602,COMPLETE
196,196,1177520174494.0933,826896.6074481797,3421712.497333451,4997551.077842771,COMPLETE
197,197,1154931887713.2944,781840.688207157,3359602.2207392612,6214432.36988801,COMPLETE
198,198,1188925016551.6133,795287.0942386747,3274606.9463421106,6277667.545522538,COMPLETE
199,199,1168359442607.7117,823825.2979323524,3217732.6907626525,6176883.539065063,COMPLETE
200,200,1134771968980.42,789442.3585956581,3260842.0547765815,6202256.086281803,COMPLETE
201,201,6867305722535.13,198435.74510239507,3252253.133224116,6138232.406194517,COMPLETE
202,202,5958934745657.123,9304957.64252695,3442196.566102551,6278321.984148406,COMPLETE
203,203,1433396282913.4937,1111907.8353450468,3693395.675451334,6395469.757676687,COMPLETE
204,204,1274967622563.0322,808743.5829699469,3715059.683366695,6025313.082746052,COMPLETE
205,205,1153159052242.3503,808090.7092917685,3335394.220467034,5959558.084901454,COMPLETE
206,206,1159247897643.1592,820799.3319314771,3216405.777903745,6706813.036599959,COMPLETE
207,207,1169542438906.7764,765090.5459868762,3233047.479894833,6688138.751052079,COMPLETE
208,208,2184311624005.9124,4706832.727088258,3237704.590798137,5926457.241253634,COMPLETE
209,209,1671958286777.9485,457709.3149224113,3180291.6262228917,6775461.476435023,COMPLETE
210,210,2050068300205.9338,493611.9538260746,3467206.8525373493,6796045.574018894,COMPLETE
211,211,1505228432759.2925,550759.5196167019,3527282.665880797,6691701.291288377,COMPLETE
212,212,1170669190680.089,818754.0087626062,3563599.683996291,6566222.826688562,COMPLETE
213,213,1461319436965.4556,1172911.6495772107,3536765.660762539,5976044.835650853,COMPLETE
214,214,1146786478841.7825,819148.4162605375,3176553.8134340635,6204256.8083333215,COMPLETE
215,215,1236525474903.1477,672272.3646469584,3101339.6253442126,6506069.8821490975,COMPLETE
216,216,1212201068383.057,882434.3272757878,3499660.75045731,6599874.804297162,COMPLETE
217,217,2753196367935.0347,597975.0773648001,2748474.7503788555,6153384.763703376,COMPLETE
218,218,1363895622101.278,1070579.1782290642,3116319.1842508246,5765126.299404209,COMPLETE
219,219,1599462271033.974,1112560.8940086379,3762138.3796371124,5787609.371307385,COMPLETE
220,220,1427984050803.3738,939614.0799221783,3765461.3159048753,6159481.034947087,COMPLETE
221,221,1153168259206.4004,873778.630249389,3385310.3392605335,6675573.058986566,COMPLETE
222,222,7052967680528.386,291258.1488241052,3440882.6067421064,6608729.149420316,COMPLETE
223,223,3393988875665.908,515563.0579404045,3592241.6343841203,5958354.7080544345,COMPLETE
224,224,1182055715274.1775,731986.9533520913,3249905.8401064523,5066607.087849884,COMPLETE
225,225,1144435905046.7031,752383.3389848132,3380382.3185425405,5106251.221690939,COMPLETE
226,226,1592157467981.919,1278878.568443315,2867711.726123479,4880920.953123972,COMPLETE
227,227,1549886486231.9917,1316234.669672453,2841550.1379754534,5054742.875384032,COMPLETE
228,228,1288510979129.2312,998653.0899083747,3166467.538565997,5097175.362099911,COMPLETE
229,229,1223184478337.811,914124.0677474771,3091288.820582097,6733857.216461343,COMPLETE
230,230,1258707341084.0437,954120.3909177282,3535082.8134722286,6781098.615147516,COMPLETE
231,231,1198357406374.9478,923278.1195424341,3558918.247213668,6764412.28951294,COMPLETE
232,232,1223141479847.1804,864635.2627555672,3631236.038566034,6459253.168558622,COMPLETE
233,233,1152639942461.8955,775203.625610318,3325635.7841941747,6236135.049530448,COMPLETE
234,234,1162517639773.4263,777028.2066799976,3352962.820527475,6160341.945260805,COMPLETE
235,235,2183278525092.438,483638.34630911425,3377059.8183009154,6216864.764568339,COMPLETE
236,236,1672086559521.935,541155.005191024,3347043.755533407,6282274.37135215,COMPLETE
237,237,1436658906751.023,1126443.5600695014,3128312.4373016534,6307481.756260437,COMPLETE
238,238,1426369371351.0767,1134959.8999337938,3122743.300932996,6498216.024880482,COMPLETE
239,239,1430275174418.6123,1161537.4394806374,3104207.2335322807,6487361.202577408,COMPLETE
240,240,1189125320055.2615,756983.9556238661,3054888.8823095993,7000191.740999416,COMPLETE
241,241,1275698664989.044,753237.9736485025,2946464.3709970512,7029684.740698643,COMPLETE
242,242,1300508112637.9167,741869.3834565628,2934125.8279773057,6118581.83878624,COMPLETE
243,243,4677209398976.826,5815500.584759617,3915511.100213874,7011344.27096537,COMPLETE
244,244,1151416397838.3213,762722.7952949626,3446228.4088787986,6079058.377475204,COMPLETE
245,245,1146502221990.5142,798650.5227731691,3377578.8994877166,6074082.985055368,COMPLETE
246,246,1186942624935.036,836795.2207937085,3342005.8887812677,6002985.201521087,COMPLETE
247,247,7990918480785.05,345491.39267643756,3337375.3733814,6077467.673479385,COMPLETE
248,248,1219215707012.549,873033.0172302944,3307420.348075708,5982609.3752690265,COMPLETE
249,249,4980090967910.385,360642.491026693,3664055.463833419,6194021.881691891,COMPLETE
250,250,1464104667448.2615,625206.8311221253,3707928.502767791,6270476.966477074,COMPLETE
251,251,1198411533273.2495,605042.4769521339,3663929.5206804606,6247066.373435036,COMPLETE
252,252,1553867123631.5562,621806.3950307348,3658140.6145589035,6303424.506311433,COMPLETE
253,253,1314002793161.4155,1032798.0698366803,3491621.5424669744,6403806.843769143,COMPLETE
254,254,1257269328259.3318,1049922.837632069,3488072.0021051466,6418325.673405055,COMPLETE
255,255,3659081041716.1523,956017.0213528094,7832327.673648119,6498618.388132477,COMPLETE
256,256,2051664062454.3923,3802366.9538522004,3185161.613100749,6572161.433198041,COMPLETE
257,257,1242542840127.0479,660139.1510654179,3206929.435443339,6618522.360405203,COMPLETE
258,258,1350260955431.55,649373.7123935738,3195772.1626954633,5966614.6034372,COMPLETE
259,259,1236006202238.306,697801.920041662,3250096.0647796527,5893063.259186704,COMPLETE
260,260,1637346252678.184,486229.8270865533,3841200.3136580265,5858334.761053329,COMPLETE
261,261,1712662280686.1223,1375298.4796644286,3854427.9977413537,5893959.012160666,COMPLETE
262,262,1913693151338.0955,1398249.2106112738,3890101.437844743,6111008.098490375,COMPLETE
263,263,1703549704616.7996,1380835.6963881403,3944481.729994568,6066895.35174541,COMPLETE
264,264,5473970723831.775,402489.36776950036,2882743.0717157167,6154210.236187441,COMPLETE
265,265,7552630453233.502,170490.85910518933,2934010.8288204684,5538611.674177139,COMPLETE
266,266,6758817692270.9375,113117.42486685805,2932177.10809102,5448717.051539853,COMPLETE
267,267,8822722224565.994,167665.04216058005,3432361.42071516,5485368.658089421,COMPLETE
268,268,7581285461022.058,167719.79463189025,3465394.953531568,6401708.642880093,COMPLETE
269,269,2819215125037.3936,837834.3146583033,9983554.498897417,6373880.264325878,COMPLETE
270,270,1155219735421.5352,828758.81216917,3439088.330032801,6348252.155953327,COMPLETE
271,271,2211459182501.9346,864603.0835704537,2662124.483624781,6663314.816634755,COMPLETE
272,272,1396385520219.8813,1140817.0648705396,3445305.7518173275,6714866.612390132,COMPLETE
273,273,1360550624603.8245,1113603.551565811,3433309.292989344,6874252.052765264,COMPLETE
274,274,1405860945962.6736,1177224.102553872,3049753.698736496,6127212.0781482365,COMPLETE
275,275,3424526208955.275,3122418.129415036,9087860.160254776,6154037.64305536,COMPLETE
276,276,2269101794097.321,448190.0212924753,3236044.855765289,5802849.556767168,COMPLETE
277,277,1299514695624.2676,1001739.8661714983,3267761.4576976225,5802393.42211327,COMPLETE
278,278,3120688721457.7144,432717.50216304656,3236257.941769365,5873563.741941481,COMPLETE
279,279,1848291734266.193,524921.0461725008,3607218.082087363,6300046.401978208,COMPLETE
280,280,2142338595254.9282,492231.13735769055,3652610.339033567,6386186.907130483,COMPLETE
281,281,1194809935122.262,772288.5380336847,3614162.8461674,6300095.154911543,COMPLETE
282,282,1709704577297.4585,540983.6109854691,3109436.44980595,6005828.734770922,COMPLETE
283,283,1281700371236.2017,737121.1545000501,4139913.0974070644,6039245.599057927,COMPLETE
284,284,1712319112844.0051,755698.5246305775,4261497.483553383,6022536.131440835,COMPLETE
285,285,7524409292722.594,7453276.939332787,4151016.611616003,5965099.193498012,COMPLETE
286,286,1283699574162.8198,946968.5947584314,2714451.2373248395,6589597.109353356,COMPLETE
287,287,4700587824411.486,8044831.258605188,3050277.149236611,4396604.246741697,COMPLETE
288,288,1659880956784.812,983888.1844935649,2759720.719477075,6552500.942454307,COMPLETE
289,289,1196356571549.9802,977436.3240981842,3379856.038923245,5659848.543926772,COMPLETE
290,290,1652781963284.84,995762.7345203515,2785862.347768905,6555672.667522099,COMPLETE
291,291,1481104561077.8062,1261961.8658029418,3319855.197084676,6152034.286705977,COMPLETE
292,292,1235469640014.9463,1216544.4291911907,3370089.9799841507,6221802.91314646,COMPLETE
293,293,1152069441013.641,714153.4211748274,3490340.766388339,6227199.881903346,COMPLETE
294,294,1168532075648.8958,743211.3084668145,3530548.0687440364,5385762.670685368,COMPLETE
295,295,1198329375565.0457,724800.979403424,3557558.780528411,6205157.688030272,COMPLETE
296,296,1231142387936.0483,722242.3001806346,3737854.899419249,5330287.296914626,COMPLETE
297,297,1331440979824.0942,652916.5887628391,3768401.179615799,4809279.04251767,COMPLETE
298,298,1375743960680.895,667070.8055295482,3685220.468270763,6807260.738834526,COMPLETE
299,299,4775766744863.8955,363862.46800603747,3715963.4174232725,5253701.539972444,COMPLETE
300,300,5510929078399.117,331864.70446238347,3775047.165651449,4850798.420274222,COMPLETE
301,301,2701635796331.534,436577.1288102012,9747.559047522955,5311724.299401559,COMPLETE
302,302,6658785058863.8,294914.0200127499,3473658.287662005,5536885.792087727,COMPLETE
303,303,4170364784664.9497,366787.0954885219,3534494.0667698113,5568352.079581986,COMPLETE
304,304,1347030940120.3591,1066416.540219651,3469153.1677492475,5404974.073236349,COMPLETE
305,305,1394743937775.3335,1096026.7745061796,3063980.3039770373,5161378.257990247,COMPLETE
306,306,1268422889366.6975,1087076.8354695477,3059189.7643243065,5346403.153405299,COMPLETE
307,307,1465052193217.2583,1095430.4546689342,3989056.410924963,5728044.315958672,COMPLETE
308,308,1234746250530.513,855249.1194143763,2978070.9037585463,5740700.789464506,COMPLETE
309,309,1196117234739.459,858239.8423602247,3039807.0411498677,5157827.128223062,COMPLETE
310,310,1174715777500.7068,813629.2598568741,3201436.2467911984,6411300.382452481,COMPLETE
311,311,1174333232135.4429,834043.6772976068,3178973.9429298844,5722928.602817629,COMPLETE
312,312,1683697344302.2202,552758.1277788051,3242030.2166713956,6433161.240086992,COMPLETE
313,313,2902417261022.607,588665.6842625943,6474905.835837453,6892747.112871271,COMPLETE
314,314,1201676977241.5088,654002.1717596062,3527159.222439799,6814510.200989938,COMPLETE
315,315,1689748152212.5515,1463316.2901929365,1355020.123912402,5876502.36701625,COMPLETE
316,316,1528693918767.379,1297482.8699397612,3492446.5961383064,5065004.46271627,COMPLETE
317,317,1211090359865.0037,909032.5526540853,3372496.535330075,5111528.21772692,COMPLETE
318,318,1201851324597.438,910582.17853207,3340926.697139776,5084484.416809121,COMPLETE
319,319,1199863483912.8352,591414.1771387663,3584650.751527371,6318213.326532505,COMPLETE
320,320,1674835475845.6838,602027.2368488999,3017893.423812658,6356335.826017951,COMPLETE
321,321,1417975014020.72,585870.5667142884,3987623.349586746,6671673.450659219,COMPLETE
322,322,1299631686482.4397,727858.9462402636,2907969.2661881177,5934390.900178324,COMPLETE
323,323,1485952088422.7402,761936.2299866057,2842129.5370079777,6647751.4204794075,COMPLETE
324,324,1367475596398.349,736640.6274432375,3847440.3593172077,5995589.485418892,COMPLETE
325,325,3763939693250.067,1177928.3029365924,2519039.6575556425,5558829.331909525,COMPLETE
326,326,1382024272641.782,1174882.8024608204,3312279.892707506,5510288.264603975,COMPLETE
327,327,1342746095721.7507,1209762.2543992489,3326709.885686937,7095984.067897331,COMPLETE
328,328,2421748231327.0054,2868704.0016765976,3360255.445563106,4620011.316849395,COMPLETE
329,329,5544734661065.96,251568.15651630866,3355846.3840576624,4673989.991695023,COMPLETE
330,330,5621831342425.7295,286296.6965228411,3615895.012074532,6198581.844685907,COMPLETE
331,331,5539387240270.871,298330.75103385956,3613273.4008204485,6099865.970716258,COMPLETE
332,332,1344030224045.2495,948380.3128547095,3658552.4796037367,6197573.25947096,COMPLETE
333,333,1268211313296.4766,961617.170518038,3616784.593523465,6185245.159386627,COMPLETE
334,334,1298663035580.7053,974368.4691382508,3107646.184078501,6484589.911552645,COMPLETE
335,335,1221505958139.4849,970700.6693548147,3115467.9518306376,6484690.013959033,COMPLETE
336,336,1510989207773.557,511970.45875553286,3131500.8775747716,6538789.528145542,COMPLETE
337,337,11765564778345.635,639.7468323345529,3120695.736963994,6472133.378935179,COMPLETE
338,338,11287381350922.77,462.3914353753207,3126221.51594399,5850078.068148307,COMPLETE
339,339,2327839599256.9707,4365500.671320315,3167012.5242152675,5816291.586289781,COMPLETE
340,340,1684556427784.9395,1605323.3723785272,3846873.067879161,5877442.736345989,COMPLETE
341,341,2426580939556.591,1598697.1267479197,8402776.757416733,5677575.756211575,COMPLETE
342,342,1628554276745.212,497448.92693579214,3828641.53803011,5924992.473611268,COMPLETE
343,343,2216415238502.4946,481443.23714331485,3494864.1648725346,5647962.094916709,COMPLETE
344,344,1920207494043.0176,525921.6046746473,3478196.883012805,4882684.099528497,COMPLETE
345,345,1260876125373.5881,594139.1514227819,3470281.7360074376,6333651.8556616735,COMPLETE
346,346,1300163413977.4397,752164.58730135,2930376.1614834,6007237.79912164,COMPLETE
347,347,1290991191190.605,768775.2558382447,2859701.8943830105,6321575.137409192,COMPLETE
348,348,1294879120680.8853,795755.7372372776,2830830.6664797687,6918302.810845693,COMPLETE
349,349,1364563342351.8198,1065706.4619393987,3265108.3980644485,6758373.648053498,COMPLETE
350,350,4753306225015.105,6651925.585080588,3309301.421245255,6682318.449885075,COMPLETE
351,351,1540187068044.0222,1366045.1777083247,3284573.638764466,6749156.218911185,COMPLETE
352,352,1638697997129.083,1274715.087042994,4020307.97168503,6074396.151208011,COMPLETE
353,353,1611361594393.7593,1227177.619393402,4027724.550402419,5358131.026484134,COMPLETE
354,354,1777338583731.522,1354859.0809743032,4072065.243368569,5416015.636235161,COMPLETE
355,355,1231956732736.0693,904679.7640147551,3489459.2462497195,5385365.303025451,COMPLETE
356,356,2211169186678.628,3338027.983971241,3707331.907958091,6214598.589400036,COMPLETE
357,357,1285961098946.6465,842724.3956443473,3713116.400042005,6308540.946756146,COMPLETE
358,358,1338730116098.1272,904504.8462023579,3674157.53795139,4940759.337579999,COMPLETE
359,359,1307897231591.018,691651.0224534564,3744164.0956596644,6274485.224369353,COMPLETE
360,360,4029461226410.31,687020.813549596,2554196.006626452,6047212.765443783,COMPLETE
361,361,3945438204130.566,647848.1836806472,2603024.658770061,6066426.154975766,COMPLETE
362,362,3028622249734.093,661055.6551365217,2655183.1256780177,6021807.322973717,COMPLETE
363,363,1205171208050.1533,1033901.7895850334,3406240.5547497086,7235710.442438722,COMPLETE
364,364,2527503925461.2354,2461045.9441040047,3426561.7774627414,7319548.143082442,COMPLETE
365,365,4361396444380.177,373175.0254211932,637845.4784295699,5671611.8400168065,COMPLETE
366,366,1440395893399.3206,1072966.7365774903,3017091.442468416,6473597.405522433,COMPLETE
367,367,1386119082788.4932,1066592.2944252356,2937926.837729732,4041540.5254077306,COMPLETE
368,368,5758789779158.734,482040.1976007056,4517856.395032881,6591305.065984124,COMPLETE
369,369,2252083058993.7246,419437.2180897621,3226260.4731075,5873968.9735166505,COMPLETE
370,370,1137594171316.9485,804300.6992098631,3229819.361126199,5851144.668147878,COMPLETE
371,371,1149623037534.4067,824229.0695523717,3267363.0707484316,5871165.602607794,COMPLETE
372,372,1175712472709.2153,826786.3766506857,3494826.6096169306,6919612.651540451,COMPLETE
373,373,1193978552521.017,664295.3918789737,3203605.240441997,5544253.973559405,COMPLETE
374,374,1449056759233.42,614260.0321024202,3213307.032734663,5617622.180564092,COMPLETE
375,375,1207923805011.6824,613620.5271216322,3129600.797812905,5650890.146459328,COMPLETE
376,376,2184681247398.7224,5076836.20125031,3031718.219714852,5697089.018663793,COMPLETE
377,377,7118498066855.676,210279.235959669,2969746.2106510936,5778320.9056084175,COMPLETE
378,378,2089904733142.6226,4916654.973605544,2735296.521900433,5845192.342891281,COMPLETE
379,379,7021132931493.488,269773.2917347568,2825767.9313109443,5784474.570083954,COMPLETE
380,380,6919567694786.205,232304.4262944538,2956517.0038577295,5802921.147834934,COMPLETE
381,381,3779386017596.534,1050887.1990773568,5527513.912396321,5251805.14165831,COMPLETE
382,382,1225329873540.05,1000817.3754175217,3400320.8255662043,5227186.5935347825,COMPLETE
383,383,4143030826627.362,936132.0709477041,5458436.866965881,6031587.00157326,COMPLETE
384,384,1381828105461.847,1196263.7244291955,3371188.6522871098,5352077.107095933,COMPLETE
385,385,1385488962831.8367,1197295.247779952,3382552.105146366,5509394.460843061,COMPLETE
386,386,1464401367409.338,1252164.9202402704,3387653.33903406,6112312.001028855,COMPLETE
387,387,1469688091584.4695,431523.8108580533,1698755.3846170928,8271156.891838849,COMPLETE
388,388,7014992834704.2,9345234.776959423,3634763.8073564367,6136652.842928483,COMPLETE
389,389,1368482727354.3337,468855.1194624531,3585263.892194192,5937594.829830004,COMPLETE
390,390,1211542351998.9863,838436.0387845256,3578359.345463868,4935087.582025168,COMPLETE
391,391,2085461268287.002,871733.2634608416,3856135.274740358,4827279.657460646,COMPLETE
392,392,1155935011936.118,834540.2945198533,3173175.9399124025,4973469.249837158,COMPLETE
393,393,1144968563985.8381,756803.8988706211,3116888.6934048687,6267954.568554773,COMPLETE
394,394,1154583252979.119,827130.8189832473,2981209.1930553056,4977882.466158228,COMPLETE
395,395,4857524852291.745,1398579.3620114091,2389925.22296222,4694865.529815342,COMPLETE
396,396,5529231335041.406,1449096.594643299,2242933.066660704,4473151.927651643,COMPLETE
397,397,1393963284146.6462,950465.8441155906,2869795.7100724983,5006037.150865328,COMPLETE
398,398,1795731326261.5088,1065158.506250648,1024014.679399218,4644796.967166392,COMPLETE
399,399,1359628042906.5625,583504.6145036682,3080478.184169571,6381957.679040252,COMPLETE
400,400,1532830088307.9602,545667.2423556175,2988157.0274066883,6365162.269893548,COMPLETE
401,401,1714946491954.592,510804.2136326845,3049922.0523376777,4443582.209318552,COMPLETE
402,402,5106830505922.659,438317.89791335637,2728057.2928542197,4458086.0567967445,COMPLETE
403,403,1314247122509.518,827821.3538768686,2763078.6511526927,6224258.867770541,COMPLETE
404,404,1798380231137.751,835089.0270791338,2754772.156185093,4835448.708559584,COMPLETE
405,405,1394789520373.1038,1090333.7660969985,3198966.250314965,3463318.1850658245,COMPLETE
406,406,1347979116234.7612,1047211.2452863205,3204509.122207249,5044933.747900749,COMPLETE
407,407,1362941786535.2942,1080814.27568377,3164189.00250643,4959472.840691741,COMPLETE
408,408,6417076283733.779,256088.63190122333,3023928.9297906235,6285120.596948357,COMPLETE
409,409,6764882478296.996,258152.50655335974,2989955.373059264,4762492.835664331,COMPLETE
410,410,2051041882287.8208,4036349.173912188,2912438.6150004864,5991040.145295429,COMPLETE
411,411,1359154364698.2026,655754.8270593394,2912693.6972022066,5995586.759027015,COMPLETE
412,412,4660419801076.743,671342.1057139527,5953196.138454651,5975532.890042113,COMPLETE
413,413,1159810765695.4434,794290.9759412451,3295432.105256556,6443830.275299819,COMPLETE
414,414,1149957755417.1072,797043.9623603907,3368298.984771181,6472181.634351447,COMPLETE
415,415,1180887297062.0964,863406.1195317146,3347020.4437682894,5133413.022979746,COMPLETE
416,416,1246093318322.7053,931323.5934683101,3309219.0370796095,6605050.060883508,COMPLETE
417,417,2592867185311.3374,1257705.8687070862,6945452.730679409,6472509.328341012,COMPLETE
418,418,1510368361966.4897,1274090.0787541904,3559565.0919330507,6600869.41489133,COMPLETE
419,419,1624534835082.2686,1509107.7723476463,3555790.213646079,6630253.396283359,COMPLETE
420,420,1186167481885.7798,1022565.3584059777,3174529.646787874,6360026.678436512,COMPLETE
421,421,3928426175091.514,5672205.47264922,3863539.940067054,6247758.1657986,COMPLETE
422,422,2283604927499.0566,491429.62339523574,3830299.4036358274,6256927.748698784,COMPLETE
423,423,1542481161925.736,483384.6034054647,3082224.4698575633,6230654.362864552,COMPLETE
424,424,4920626652725.903,747891.4715199859,2575100.851603401,7026654.890655301,COMPLETE
425,425,7296472775750.878,686660.6161358544,2526019.121699942,4664244.579788081,COMPLETE
426,426,2463064003588.649,394418.09075533674,3105517.554028466,5838136.838235644,COMPLETE
427,427,1217443894361.9976,932936.0727816395,3344908.396157921,5191253.257008519,COMPLETE
428,428,1251537796781.187,945902.3915472503,3425215.9452524213,5187083.924902303,COMPLETE
429,429,1183972420630.7668,949795.8581186926,3442261.517824064,4877221.321037028,COMPLETE
430,430,1443580230760.5715,1194168.8885391199,3495573.785423465,4919612.755757544,COMPLETE
431,431,1187984711323.859,623705.1981966431,3492361.555865172,6407493.744858633,COMPLETE
432,432,1309535854269.7634,638532.2488353772,3237819.827492197,6459243.2942494815,COMPLETE
433,433,1232834750319.7412,677801.1936549741,3247712.779078311,4264285.376025937,COMPLETE
434,434,8426045626083.456,124839.79596475698,2837229.83399328,4095084.586358847,COMPLETE
435,435,6113495451607.679,253309.56905146787,3719905.4624811453,6110617.351821764,COMPLETE
436,436,9571219568146.266,164407.6118591734,2890114.380897143,6035938.282297002,COMPLETE
437,437,5311634005293.808,349935.10987946374,2010039.4464389728,6090842.887915968,COMPLETE
438,438,1538582263728.3945,1144694.1982150734,2956161.9735200256,5571324.800470627,COMPLETE
439,439,3324580023231.6143,6066578.982655054,3062127.6764358245,6829574.514757874,COMPLETE
440,440,1163071639578.821,797398.0990161297,3136129.4055097844,6859648.425561564,COMPLETE
441,441,1279767447591.6672,791925.6612589876,3712091.4122894676,6726518.620349517,COMPLETE
442,442,1271564221290.304,803457.9411372677,3684021.7330068913,5804941.712765855,COMPLETE
443,443,1557234788128.8726,1499762.975273031,3223750.7116769487,5829528.762087236,COMPLETE
444,444,1321531763819.1702,1103390.5610545224,3317915.8919635857,5731134.767538874,COMPLETE
445,445,1533839729246.5117,1358969.7318277927,3307350.962681978,6291198.322944974,COMPLETE
446,446,1302186289257.8047,1062167.6920133084,3358569.928122096,6309931.022130747,COMPLETE
447,447,2159411692778.2249,1795795.3108563884,4218980.262313571,6343006.233318787,COMPLETE
448,448,1490731782434.0798,538782.2985575658,3555248.355149253,6389340.510607406,COMPLETE
449,449,3864490261188.584,491107.3319794777,4341644.870826239,6513913.965503292,COMPLETE
450,450,1505114855005.4973,550389.2768586886,3539751.260772282,5519893.567307032,COMPLETE
451,451,1659333496643.815,932930.5825529628,3870761.3912500106,9616357.875408117,COMPLETE
452,452,3749566896101.7446,7977207.834517013,2711947.457795396,5387011.706831419,COMPLETE
453,453,3705440451153.0415,946979.8582406694,5160359.132392024,5970002.962257586,COMPLETE
454,454,1469035720817.2544,687337.0644687841,2988860.4810585137,5983896.850286619,COMPLETE
455,455,1194446705121.1384,693283.9743146844,3058885.9252731274,3842129.489131562,COMPLETE
456,456,1490625252409.1282,1227732.4523041856,3546572.3583479123,4614783.551879051,COMPLETE
457,457,4615377486703.322,367637.2459968338,3168187.731737013,5049936.607733297,COMPLETE
458,458,1168900671791.3586,758997.8325170657,3110326.987883766,5057861.2888993295,COMPLETE
459,459,1288913148826.9639,743679.3941578803,2982785.5928979954,6146131.056473612,COMPLETE
460,460,1323189444163.1533,988238.858808173,2857026.814461818,6146852.153846539,COMPLETE
461,461,4741819073517.643,8725062.3946753,3397426.066893722,6168487.1463166345,COMPLETE
462,462,5057221169614.624,9052998.892771898,3419524.165037942,6606379.313527828,COMPLETE
463,463,1458392489840.9827,1240682.272940909,3402165.9465285004,6642201.428259081,COMPLETE
464,464,1505107373394.691,1195601.9644381246,3711613.158219821,5646538.9443195155,COMPLETE
465,465,1555468580304.1792,1179311.1171671918,3665011.7325729313,5690315.491694705,COMPLETE
466,466,1374906950010.647,929768.6071730511,3782112.6723665227,5703061.137274304,COMPLETE
467,467,2182048688035.1875,486997.98668177426,3237451.22543063,5289622.075143878,COMPLETE
468,468,5189371721827.738,403839.5606657412,2696665.1833992666,5286643.184636179,COMPLETE
469,469,1652118034684.5298,917364.4002425362,2658480.030434818,5917157.3996056495,COMPLETE
470,470,1191796140875.8103,890101.946520965,3211871.454969659,7065579.673923387,COMPLETE
471,471,1898495656371.4067,890216.3089737385,9635456.70165385,4746358.349388587,COMPLETE
472,472,6767532647027.422,9923933.455579001,3922293.40906053,7113116.335730893,COMPLETE
473,473,1247994668984.8079,586557.9510863869,3234573.1624052483,7103495.452295134,COMPLETE
474,474,1177702917100.9097,674889.7461095023,3512726.614447153,6522164.049258173,COMPLETE
475,475,1239718975518.0808,680143.5120268248,3523571.177413028,6503738.027580161,COMPLETE
476,476,2188773465119.5508,1453194.032055214,4699275.741658569,5928338.19510209,COMPLETE
477,477,4305614461644.7886,324766.6551981647,3149323.1388860764,6204133.571407795,COMPLETE
478,478,1367035193473.4956,1056133.4092777679,3175508.19258592,6252073.461099369,COMPLETE
479,479,1411035973089.7332,1058011.6840245372,2950410.879153684,6850579.618756682,COMPLETE
480,480,4972335052934.515,830467.4622936334,2419740.218702973,4863607.072183392,COMPLETE
481,481,1717796331728.475,519580.27286159614,3329476.4774276754,6784984.0009861505,COMPLETE
482,482,2042431514226.205,2046234.9998158892,3371228.776644915,6038037.202523758,COMPLETE
483,483,1285997485440.0679,816977.3087829829,4055386.019322971,6004146.977655371,COMPLETE
484,484,6510280075491.794,87410.8323789934,3631570.741750419,5522112.3023533095,COMPLETE
485,485,7867813306463.786,90722.60724319844,3630166.785255837,5512528.592295148,COMPLETE
486,486,3580377980518.0005,6871678.0182645,2848359.9217579514,6428381.887906728,COMPLETE
487,487,1629126646618.7722,1344442.034000091,2855137.6181908064,6321554.54572661,COMPLETE
488,488,1461271252403.5166,589641.7271865418,3100938.209065663,5834538.0868070545,COMPLETE
489,489,1484562132285.7517,588306.5932118705,3066130.8892114363,5050421.977035007,COMPLETE
490,490,1261373134390.605,582136.1519784816,3116814.820213665,3050739.99274384,COMPLETE
491,491,6178547204124.182,331758.49534433737,3417020.2398572396,6105495.5922245495,COMPLETE
492,492,1332921858981.8123,1062953.3459142377,3337557.7209313978,5846101.541981097,COMPLETE
493,493,1930266745328.6382,1087682.4436658316,6265380.96275419,6073856.905688602,COMPLETE
494,494,1396138651825.096,1143671.1492994395,3470841.1249597673,6463212.783949443,COMPLETE
495,495,2144419312163.852,3729126.2169843544,3842679.1913582482,6403154.968095958,COMPLETE
496,496,1581470988773.6267,820749.8854672792,3753712.544606053,7616486.716609803,COMPLETE
497,497,1516351927864.919,818558.4297715062,3756666.284487807,5167089.956040916,COMPLETE
498,498,1359650433496.1846,792710.5831957723,3814840.2071412876,5149182.361261905,COMPLETE
499,499,2740901346120.713,379350.5849686085,3268190.3995008683,6630926.761153747,COMPLETE
