,number,value,params_k_1_init,params_k_2_init,params_kt_1_init,params_kt_2_init,state
0,0,30940632977284.082,2283925.67864249,1658653.335390501,1212091.894396533,8318661.38199856,COMPLETE
1,1,40600126121537.55,4972231.006177853,1739273.3331642984,5122351.359096486,6690845.238557061,COMPLETE
2,2,30690571731430.824,1834486.0641009198,5656760.865203439,6699938.522709872,8550554.272551117,COMPLETE
3,3,46450010388400.445,2462589.0381090054,8340074.180307314,9673054.748796022,6155030.058191317,COMPLETE
4,4,37554764117395.82,712800.2630851526,9608190.71919435,2985669.960523484,1491239.557514481,COMPLETE
5,5,31477207850143.582,5436814.790176178,2592547.4485031343,7360645.685939079,6722215.800592687,COMPLETE
6,6,12082269663568.102,4373953.99808621,67080.03977974219,6976419.519359279,6735223.75059819,COMPLETE
7,7,10919857708905.986,805122.2003959168,819056.9017858384,428698.86754681397,965602.1540449356,COMPLETE
8,8,35339820666270.44,7871559.916700131,9061255.677644309,6009306.906404379,3280237.389194942,COMPLETE
9,9,46168337363526.336,5286819.415888573,5816413.4683859935,3349367.192755207,1477190.0849908204,COMPLETE
10,10,38833132276220.02,2197454.633349102,6969487.991361044,6944183.259375189,7241163.9217748735,COMPLETE
11,11,35551596481500.625,4229127.607299813,4465835.494368888,4919223.122470926,378025.6936997484,COMPLETE
12,12,22022716515957.004,631682.4627802576,4004367.762437442,6238222.707837471,1065841.8770846368,COMPLETE
13,13,32325967417604.027,9854194.462331831,4105375.7058125813,121057.27547456679,727304.4172693703,COMPLETE
14,14,21210455568031.242,9534848.673066203,159719.27372717718,9163184.568280384,4042188.7663536626,COMPLETE
15,15,11788058113961.002,3946155.2416246575,108686.19486860417,9380883.10859218,4431374.410699774,COMPLETE
16,16,19514820357424.77,260260.50385339255,111944.93031626279,8781603.131757041,4238729.688035252,COMPLETE
17,17,29345340117440.258,6693714.803038733,277645.01045595796,8863163.424957741,4319653.931788141,COMPLETE
18,18,12585829306780.07,6756406.146690711,60969.99573363332,8157673.910773744,5036190.989025314,COMPLETE
19,19,31972038650621.492,7123641.514724767,2697481.04072492,3041016.181058475,9983420.02633316,COMPLETE
20,20,40762259479651.44,3682752.0304989778,2788661.598942171,2927401.094102602,9914530.544327643,COMPLETE
21,21,31430371468738.453,3623637.206079049,2882577.436107627,3041474.1785174645,2650388.1480688127,COMPLETE
22,22,36823465500311.46,3342083.035184295,2841944.5293444484,2729396.494640898,2920933.408662862,COMPLETE
23,23,29094745516272.098,3261972.067309686,1463185.9811676622,1809900.9619967132,2110389.542130152,COMPLETE
24,24,28551247592750.035,3429143.9544606716,1168622.9533893487,7889150.821095158,2866480.473644439,COMPLETE
25,25,34765480967002.445,4586308.375089307,1052008.3174650585,8085064.312212059,2912290.279918093,COMPLETE
26,26,29581911498610.74,1348812.8494511358,998800.0967100274,7976573.976291843,5509055.360441618,COMPLETE
27,27,37960588510171.086,4599542.147677308,1045818.3125074282,7904022.014764531,5962091.532334006,COMPLETE
28,28,53567617381265.25,1441425.9281188622,933763.6935290894,4449504.304587217,5500793.177270669,COMPLETE
29,29,39248137576447.445,5731257.833838608,945660.8401702819,4872039.039799238,5182576.460242225,COMPLETE
30,30,30438151930891.027,1442628.2894537249,2019724.9318851507,4024921.2418989576,5236810.199963529,COMPLETE
31,31,31527087860233.34,5858321.324017313,2159801.62185798,9831023.02718364,7995335.8440808095,COMPLETE
32,32,34161639962540.81,5863642.387017485,1938665.1548316418,375765.0037186591,8045395.208187824,COMPLETE
33,33,41687723427200.266,2832145.922222276,3559651.908790681,65967.69857719087,7989630.238869878,COMPLETE
34,34,29818504796042.797,6180153.472590574,281687.01639167167,9900027.42050024,8068901.465377906,COMPLETE
35,35,12379458107895.467,6396753.5088025145,186390.62410408724,5742968.691726947,3692592.844860552,COMPLETE
36,36,44349722763966.76,8348915.200370749,1783390.4472019104,5789861.12161242,7444389.200743948,COMPLETE
37,37,38062256326893.5,7856392.2714103,1727178.6610494277,5441161.048512954,3781556.1700113625,COMPLETE
38,38,47997260063365.97,2689526.7923704293,583015.2083144137,1108803.2987201684,3616823.349697141,COMPLETE
39,39,32980721573430.668,8264816.342288045,534230.5477129801,6611547.932366953,6410091.233511286,COMPLETE
40,40,30763072720538.473,4301150.927058644,546055.2713450078,6677905.756594596,6166606.569804139,COMPLETE
41,41,28772109973022.848,4012377.3087638393,590531.8845219935,6724894.101943299,6365384.46178074,COMPLETE
42,42,50350739195089.56,5075940.7267083805,7199763.90097657,6681899.427392001,2071149.9908306345,COMPLETE
43,43,32139019371467.33,4237436.530035731,5471984.9509310555,7207835.129958526,6460383.018675327,COMPLETE
44,44,12956684026753.379,6736629.150331785,64616.01700759237,8486791.823466238,4700497.807018694,COMPLETE
45,45,21147433366772.89,6732447.60228873,14281.324412306742,8486163.73676508,4581155.70410739,COMPLETE
46,46,12503899531973.234,6656704.3444276415,47822.775940200256,8418504.710095048,4672612.309439371,COMPLETE
47,47,30329239148088.805,7490645.550833046,576104.9854084605,7463551.446762312,4663758.787142978,COMPLETE
48,48,39744270542490.11,7508078.06288401,1328230.732037016,7564022.881144958,4687029.643538374,COMPLETE
49,49,36217773125443.74,8642258.237245645,1436271.2445786584,9412704.638341015,109708.41257442744,COMPLETE
50,50,37854025004120.68,8176194.925631968,1394745.0358866227,9408971.704563567,21547.065029190853,COMPLETE
51,51,47484535620160.11,8621843.270662053,2286040.405679629,6091080.446868211,47492.33093716367,COMPLETE
52,52,49167022319129.05,6304695.62814932,6741815.157796539,6283511.414734595,6866295.9114698535,COMPLETE
53,53,30401621063922.15,1950403.1012948304,3331019.4631610033,9371481.677678624,9149711.346814625,COMPLETE
54,54,30432137370334.625,5230136.33351327,561192.6840170124,8498252.066680279,3733662.8380556074,COMPLETE
55,55,29421137780411.71,5437612.608291291,563042.8282692468,8987319.007443098,8850467.218676431,COMPLETE
56,56,30224767421122.066,5521363.84977043,645827.8220070219,5533769.774358126,3472265.9794555274,COMPLETE
57,57,11730546263727.795,7060062.757316615,57592.741623823815,8883529.006219668,3431364.637213716,COMPLETE
58,58,30105932853307.79,7089540.541853238,378804.9003881556,2266607.7376229637,2077806.2972055627,COMPLETE
59,59,57973366299452.484,28066.928006343544,22357.853198355937,5622901.785294892,1543703.093328589,COMPLETE
60,60,37989139152431.51,7207317.389813936,792367.3219497544,7115458.661612149,3413783.5891268896,COMPLETE
61,61,29608851527711.312,4753228.043227087,857992.5267608921,4044225.8666610764,3432552.446841334,COMPLETE
62,62,43997677400367.516,6272840.6613182295,9832980.847137932,3741073.724761812,4134442.0610685926,COMPLETE
63,63,49655393196020.305,4801363.3021289725,8982077.152153619,7180379.7637718,5800853.436406393,COMPLETE
64,64,20198861263784.605,4692147.34594349,8056.43338351354,8309906.836359806,5581868.274939388,COMPLETE
65,65,35178007353156.805,6476146.89711426,20820.810195297876,8610841.116579745,2395299.6966674225,COMPLETE
66,66,11841685334501.16,740563.5002936949,301360.66608172597,8262181.904522809,5129409.648014445,COMPLETE
67,67,29443429040781.457,6994445.8110905085,323000.0487597891,8176352.81256567,4980801.829974477,COMPLETE
68,68,16788707855550.195,601492.7118553966,1163023.90948162,7624792.842096634,4981683.629925935,COMPLETE
69,69,16482067109236.174,717232.5049389914,1183176.1020807805,7697301.894707874,3976686.9002669603,COMPLETE
70,70,11510240744443.342,971070.1849910889,369792.05092414556,9017992.215962857,1019946.9186198027,COMPLETE
71,71,12155646423739.264,1204395.1716833673,337927.49686771724,5047657.377863514,4343017.019345843,COMPLETE
72,72,43805663626117.71,2343065.224223193,4591375.094016878,9237945.11978037,4381636.937545298,COMPLETE
73,73,11522104012892.082,1068260.4921194047,1543080.8152974718,8903644.191308724,7151421.976910148,COMPLETE
74,74,11395029493476.836,499725.38776296,352585.08488001366,4553516.726534726,3131554.1926615573,COMPLETE
75,75,50087964549703.336,1195928.0858777098,2425823.4864026573,5063978.845016621,7345529.671819847,COMPLETE
76,76,51678380809509.51,1216661.1587846219,2390961.6378101557,8859834.285313338,7364827.790657967,COMPLETE
77,77,28059506917894.7,1767682.675454345,1592649.5179309868,8905894.938267987,7079377.184173011,COMPLETE
78,78,14268658001582.992,855328.8731558614,1650533.2190199909,9713807.605000433,6989689.64347961,COMPLETE
79,79,28221625798804.82,1746999.2953332067,897638.0822012068,1343081.8417104194,2969110.1489444235,COMPLETE
80,80,11018869373128.2,128711.86568278144,826968.8201012332,926807.2046591537,3096564.583826458,COMPLETE
81,81,12508689831468.854,237747.1192944481,874813.2061746356,405713.3022010099,701599.2402043426,COMPLETE
82,82,14226299726757.74,269504.395715937,342100.59547704627,729028.4211643491,3131368.7102985573,COMPLETE
83,83,11591036190893.488,445243.11620621686,1993700.4818892814,943946.2741749298,3147481.9176977105,COMPLETE
84,84,11219431948151.404,902621.3526442494,383833.53874514706,2452467.968031656,2538948.1442462257,COMPLETE
85,85,10996257510704.393,984015.0830419128,1256445.2687602877,1403711.8121825748,2597322.6820392036,COMPLETE
86,86,12044442451408.906,923840.8770818976,1270618.563907967,1698493.8211367168,2527295.8707020218,COMPLETE
87,87,22341294115053.066,965346.1855143108,1849754.3959592404,1628786.6616770595,2419380.1093980586,COMPLETE
88,88,11949171348136.568,474133.1777180703,1991613.031622068,889810.5637532569,3267740.8696927177,COMPLETE
89,89,13562760261021.182,611157.6784508764,1011849.1015951738,818042.3589664523,1532953.9218700565,COMPLETE
90,90,13124104703496.488,442857.899806432,2157981.8490168103,947768.7136678612,1540008.5279852983,COMPLETE
91,91,13536418993506.059,369713.83157534676,3132028.8760569184,2311832.891135113,1770654.1349314472,COMPLETE
92,92,28937910070675.008,1985277.935290685,1480105.55286409,2558801.5754813906,2729085.901759181,COMPLETE
93,93,21714659891838.746,100343.01755876193,1491364.9506329964,2426497.3239336796,1840525.2433369225,COMPLETE
94,94,27961094931704.375,1564307.8744112726,797616.5126626969,1328415.7377001855,1111678.4047435229,COMPLETE
95,95,48725839258933.055,1584111.9586484588,656855.8664036253,258371.02225561172,1121654.828295573,COMPLETE
96,96,52010283261264.61,1577970.5162919317,735297.1433572863,1381689.480150291,3081539.0407138877,COMPLETE
97,97,10969793205249.354,1078203.631896943,750893.9639514926,1983178.8399920291,3070770.654349281,COMPLETE
98,98,25247404013323.32,990625.0742549148,406336.70645740174,527596.6713827874,3942888.2524411557,COMPLETE
99,99,29510069810130.55,1186163.021861462,352532.4465001873,484446.9115370548,2334878.040406223,COMPLETE
100,100,27764302208632.55,2982965.8498485675,1267551.3940109801,648318.2797055717,2263543.467697856,COMPLETE
101,101,27840393443299.94,2971832.4206792535,1220436.2830696835,1174578.5780783738,2834262.9615965434,COMPLETE
102,102,28336602033724.54,3007493.7901619626,1144859.9031370773,3362528.7836741013,3248346.4150286596,COMPLETE
103,103,19320543792208.445,46907.067713597324,1116879.6536802712,1793921.6109174076,3238009.9708175086,COMPLETE
104,104,32440132671121.617,769246.8422291551,1062190.0474368862,2184907.4663665965,2603755.124760406,COMPLETE
105,105,12687050140025.629,791130.3206434483,218245.02565156162,2053546.392576404,2651448.249621612,COMPLETE
106,106,13211102221585.588,9255440.611402083,220701.7633524473,1804821.2345569371,3873337.5197357633,COMPLETE
107,107,10905669111258.096,522176.1613197775,749238.4422721292,2023700.1431088198,3645785.248233358,COMPLETE
108,108,11630934317771.47,552585.3744026147,500530.1213129204,1528639.4738579607,3514997.728008095,COMPLETE
109,109,11375591769966.197,2088899.534861439,445520.08297660504,1581261.7070605848,3638615.615985188,COMPLETE
110,110,11355044456312.06,497306.2703467659,777105.4752995827,2022631.2801893281,3678001.0968531203,COMPLETE
111,111,12522760907429.031,552627.5577210366,1720352.5980666354,1507999.6320116739,3569023.706789221,COMPLETE
112,112,11624213076282.713,483073.6198828603,1756310.1052928858,1997106.0055217897,2890360.4526037504,COMPLETE
113,113,47321111518143.125,1026407.4206001869,6523659.694912642,1955744.4605133105,3025921.034318804,COMPLETE
114,114,11049907516139.785,273024.2675400463,768241.0014954198,2734530.12572572,3706017.283579245,COMPLETE
115,115,10691231723324.2,258268.06903105718,724761.7808332331,1055894.1965183509,4081317.190158608,COMPLETE
116,116,10952045903279.607,285696.5308080802,751250.6678537726,1057464.960500664,4143499.233942617,COMPLETE
117,117,10821664394423.523,256552.40147936007,872305.1950343191,2806811.747551479,4207895.331713639,COMPLETE
118,118,10992563997065.98,203609.21207478517,790235.2104267188,3278351.134481273,4224998.7224669885,COMPLETE
119,119,10870591562943.51,157330.5785600266,688646.4501007863,2712336.461513704,3788994.699791358,COMPLETE
120,120,10774865964056.53,211378.6738271356,761583.5419843753,2899740.5529660336,4033781.2889551474,COMPLETE
121,121,10805076622594.346,205319.62191455913,854152.7876312581,2784361.8250346705,4175684.6908872877,COMPLETE
122,122,13332820373851.143,204667.72141692106,948942.2715060536,2871369.3311101436,4177203.667469131,COMPLETE
123,123,12576414045564.26,221054.5872222904,939102.0734263832,2721800.6641574968,4164470.763055827,COMPLETE
124,124,11119942797803.254,210319.79877064348,949636.7910076391,2839528.1120110946,4197348.666651235,COMPLETE
125,125,19482949875089.465,69956.8005745969,706249.4379997815,2935713.1755384756,4123792.4087568754,COMPLETE
126,126,19181261024455.766,57883.63372012052,721584.0025173981,3193016.7035261686,3980392.1751029715,COMPLETE
127,127,19415642343637.04,63947.547247597104,663090.0373496057,3236220.4774190113,4551212.591792646,COMPLETE
128,128,10936955585669.195,340634.1846519315,1353666.8087875382,3546911.5921831317,4828732.886934913,COMPLETE
129,129,11317311976057.803,284336.57048587804,1319161.2532448291,3542016.3775613653,4799974.458526871,COMPLETE
130,130,11155332670990.31,344070.9590906338,1328483.7748152798,3546551.6080978946,4918393.05887237,COMPLETE
131,131,28081447701025.266,294603.7242797052,8233658.398158206,3630594.639625006,4476071.948880138,COMPLETE
132,132,10912163028778.545,738933.2939079661,1313780.9885454685,3464951.162630881,4716293.802832194,COMPLETE
133,133,29523572755640.875,1348456.1138394407,1321772.8263631691,3663839.6285671517,4877150.202491497,COMPLETE
134,134,12924840717976.943,671701.945965115,1374798.657446335,2609942.188941772,4823140.2531622965,COMPLETE
135,135,12323794011264.828,701053.9379558915,1029560.0029913428,2670059.535014634,3794602.745562464,COMPLETE
136,136,26716067625946.8,706208.5396862268,3935116.3895552773,3897946.996546646,3831867.703109424,COMPLETE
137,137,30215882291664.79,723979.210093856,3780972.982656334,3133552.3545413697,5343628.720228895,COMPLETE
138,138,18410854589309.008,810020.0340450287,1062509.2640081523,4037140.2822760697,5388207.203699868,COMPLETE
139,139,10835611830576.543,787198.6459538592,1578214.1005854905,3960822.9746211395,5381083.550034534,COMPLETE
140,140,12545545905894.719,1139359.5076128389,1614807.336240219,3989386.355159966,4396693.920029197,COMPLETE
141,141,28675409526678.094,1365371.2774642706,1592589.2551046156,1041639.1049292431,4451503.549235667,COMPLETE
142,142,36531482798281.69,19123.406089978846,1520345.1410203231,3039175.1439429168,4338505.502176681,COMPLETE
143,143,36734893131135.32,2218.4147932183114,573944.6779972122,1163973.7136559857,4558876.212047336,COMPLETE
144,144,37121932375630.71,10152.60889786057,587828.0627979941,4359957.288212562,4366504.03369329,COMPLETE
145,145,10684323807550.309,410221.60330158053,625806.887437154,4224842.090101071,4529481.825700207,COMPLETE
146,146,46311112000928.125,1336773.0948699308,902117.1803817191,4232951.474880002,3950636.964249606,COMPLETE
147,147,17826110291619.89,380120.0680214961,1070452.727526413,3421132.5357246646,5204891.566617217,COMPLETE
148,148,10741509265097.928,442942.9706254237,899107.09467649,3361113.8380568987,5858792.555505918,COMPLETE
149,149,11699334392183.982,400773.24343009817,1176054.0942307618,3767121.3127153516,5185228.582724658,COMPLETE
150,150,12733183149036.38,557797.8617267625,1117179.939612031,3852145.370090666,4694398.03198647,COMPLETE
151,151,10680016349756.6,546204.9419517842,556154.706313104,4817185.588096639,5047051.367004628,COMPLETE
152,152,10901468395541.725,607301.1175162031,584081.6399454209,3353495.060254865,5769199.446822452,COMPLETE
153,153,10699006576409.686,610337.0472700426,615196.8620984942,4646736.975088051,5929706.014052732,COMPLETE
154,154,10808689066365.605,852662.1201135871,579541.027440508,4813793.905149757,6129323.585240845,COMPLETE
155,155,10875412773014.762,897068.6228635579,511819.9127318163,4696973.830811395,5871696.599564083,COMPLETE
156,156,12528469452760.723,885481.5131538187,501077.65382500924,4651453.870231441,6019857.76581114,COMPLETE
157,157,11025671588980.914,869073.3831330959,495121.75622348697,4863101.904389555,5854801.785469318,COMPLETE
158,158,13227999942604.404,775603.2121984605,551395.12279666,4804462.484315914,5680322.810645199,COMPLETE
159,159,18880151401054.426,616963.0675651763,169034.8921506391,5283966.538571602,5643029.278831469,COMPLETE
160,160,13392438609544.225,583088.5403800965,206180.31030473462,4925121.713679911,6232583.978344172,COMPLETE
161,161,13393201767687.24,1337482.932211156,148364.82047567726,4233386.690947318,6327221.295597944,COMPLETE
162,162,14487196052690.805,1396987.1975536663,155805.5641206563,4250039.024713711,6577829.018069685,COMPLETE
163,163,13231825745465.848,538552.5391242636,226465.6628160532,4682488.456341586,6646719.568810453,COMPLETE
164,164,10967900474107.799,446314.392101326,898827.3693433711,4376169.817958919,6498527.01695698,COMPLETE
165,165,20409970785771.414,371206.62704489613,4885621.190485331,5297718.902806558,5975359.023349554,COMPLETE
166,166,13579520530348.523,1113819.3455441052,517372.4248640608,5210776.879303573,6009700.126748532,COMPLETE
167,167,14672953263307.656,952421.9435683142,492117.4113280426,4225300.193054639,5468021.173494544,COMPLETE
168,168,10878504447750.82,846973.2699726119,657295.0718035665,4227034.218625994,5509785.242366627,COMPLETE
169,169,11179927090670.164,930145.9198290813,666107.7810306594,4476733.364956934,5797194.774932497,COMPLETE
170,170,18612605760767.44,715930.4454262676,936166.9284949694,4607667.260158746,5651661.978300684,COMPLETE
171,171,15863386023036.27,630809.5287449255,916440.206524618,3376092.6007457785,5620725.492830972,COMPLETE
172,172,16271594296633.873,708999.114703937,872529.9834113405,4683500.989627007,5556495.959885485,COMPLETE
173,173,11443971995865.895,592270.0124661601,333594.1764405761,3033788.5152069083,6169658.118897086,COMPLETE
174,174,10693844511412.074,351335.7042239921,671337.640106398,3062391.526127913,5023214.544647786,COMPLETE
175,175,10749373753770.783,361977.3570225642,680179.9812974345,3496744.2843559613,5113478.347031992,COMPLETE
176,176,10717179613046.227,370216.51394847117,657005.9713226809,3088485.9592810734,5122510.791965928,COMPLETE
177,177,10969070255284.666,329532.76841822534,668304.532031792,120044.95739156677,5114853.717229415,COMPLETE
178,178,11046244821585.873,219115.8584819906,694419.0691220723,2302339.0864599664,5298975.740353919,COMPLETE
179,179,12706746350334.951,1101108.5314328314,401081.9063175684,2915020.79293789,5312796.906521888,COMPLETE
180,180,11389760169938.104,206290.63254775794,365054.3100734567,2406479.2986844904,5368844.9897173615,COMPLETE
181,181,11697681074661.342,465140.14570810425,408376.3236704476,3234379.6707346514,5425213.679943575,COMPLETE
182,182,12558830693330.5,385219.9299539595,407936.92102040374,3149464.1053845305,5385576.1472601425,COMPLETE
183,183,12638278887819.756,435845.07740851026,351704.600536943,2459193.063889198,5047713.309959174,COMPLETE
184,184,17827087495837.676,179790.98644757477,1096833.3959395282,3799864.3798806826,5042077.663433244,COMPLETE
185,185,10720987908283.63,171399.84502310376,698524.6041491415,3487788.4194667516,5015224.899905113,COMPLETE
186,186,17254270872686.416,834053.5305721058,1099638.4339180326,3408728.657132333,5021855.952893546,COMPLETE
187,187,13696694271702.365,812659.8364910787,698185.1766385229,3452955.6717560454,5787600.457011066,COMPLETE
188,188,10830620583031.457,865255.5546687325,751776.3220241908,3373168.4445680925,5758628.531308672,COMPLETE
189,189,36183801329501.055,41135.90112227632,670327.0695525589,2871507.296291307,6040024.150208251,COMPLETE
190,190,36910447500292.15,21249.284261721827,792120.525317812,4070223.71049795,6093794.5282530915,COMPLETE
191,191,11301889954244.84,160869.8053297183,595393.4125660519,3983711.960054249,5984811.385642928,COMPLETE
192,192,15416291496172.697,326645.96173723764,31849.427485895925,4040843.5375353005,5905802.704041482,COMPLETE
193,193,15545445385096.223,294463.6896043625,38314.14296517649,3741920.4460337386,5770304.049131297,COMPLETE
194,194,16546094942835.434,550281.6262631195,965994.7821636901,3029589.1263101697,5001851.286979048,COMPLETE
195,195,17228166552975.139,463203.76393838506,948986.3406324579,3072550.7751757163,5041119.496088263,COMPLETE
196,196,15671966252638.31,556695.5224238633,945450.2380735588,3265230.1285489937,5162127.867882662,COMPLETE
197,197,10796575192749.984,594288.7440265929,566173.9892270137,2706160.2917644456,5497151.9990735,COMPLETE
198,198,11003724565860.172,924512.3515089013,564725.0717183987,2731388.71269047,5523998.6018707035,COMPLETE
199,199,12043578554155.59,963420.9587026674,545184.4771845513,2679185.545037721,4637225.064060291,COMPLETE
200,200,10817841792282.908,771134.5396128207,757244.1271947452,4456160.914775426,4608610.455682649,COMPLETE
201,201,11130476625421.113,770716.7146552854,553427.2247322332,4456993.319612394,6237701.529963285,COMPLETE
202,202,10935784732190.34,673379.1419308805,794688.8909502034,4439263.433389036,6289611.047749449,COMPLETE
203,203,24565205879163.566,1146895.092662301,814894.5102585469,5043775.992074208,5550048.057937444,COMPLETE
204,204,15194359974492.678,594176.8603408777,775612.545808722,5025096.887135535,5650930.274203682,COMPLETE
205,205,10890159783162.096,613992.5593367086,811919.9371097991,4912652.5690333005,4781807.30391264,COMPLETE
206,206,15475752874548.557,239697.6447262122,275586.2032710713,5067028.164512113,4807027.2738745455,COMPLETE
207,207,19566358679904.84,322612.6351195307,5903121.187647049,4701702.850153127,4824773.97330751,COMPLETE
208,208,12388163284403.936,238620.34001233277,262823.0785440126,3615513.194274053,4850259.574850367,COMPLETE
209,209,10864774535954.414,443110.49414237565,492554.9704093756,3639983.038389573,5223827.556013226,COMPLETE
210,210,10876883279007.156,359018.9111337682,1170261.2445097594,4762580.543692924,4433830.255117831,COMPLETE
211,211,11257541094127.762,436191.4074082995,1172731.7639191835,4768661.776455112,4535306.237890416,COMPLETE
212,212,22629021967503.48,190465.36481110725,1131773.8569696704,3637448.327335552,4577537.226582033,COMPLETE
213,213,37430780542910.36,1837.0849331014033,1070820.8475508788,4183228.9941627374,5192092.15276882,COMPLETE
214,214,15435604077074.742,436971.8065506376,1140072.0638816229,4202165.152798026,4063279.8113829927,COMPLETE
215,215,10888918255923.86,429468.03304200945,540395.7680908876,4165170.363547724,4279951.991056107,COMPLETE
216,216,11728062064449.357,414975.0310573145,476910.4522209115,4457603.134462771,4099269.298180598,COMPLETE
217,217,11266534240345.945,415184.952105831,552286.6273492993,4515320.842896579,4045096.8597739683,COMPLETE
218,218,11035544634919.248,833207.4420331751,660656.3021604734,2892103.620538499,5278487.528393081,COMPLETE
219,219,10767280789062.947,795409.8904272829,683434.5057627474,3889538.7832730436,5248483.177479272,COMPLETE
220,220,17171673049957.926,832329.162153091,721004.0418696561,3186852.400765947,4473806.4461629065,COMPLETE
221,221,10850428166087.871,860121.3072137935,839982.3146337116,3859876.3646340817,5208807.679788853,COMPLETE
222,222,10706096467576.379,1042982.6002347,900718.7209084604,3148768.1376853986,4445541.411352842,COMPLETE
223,223,10830730051025.61,168680.36409620993,876149.6680434886,3800604.767834097,5441175.711665414,COMPLETE
224,224,29909114869317.2,1071001.8344230596,908623.9980460787,3866936.853500439,5410066.165899308,COMPLETE
225,225,22606082817074.535,649286.0852923025,920678.7478295851,3777584.2610181016,5160828.614467306,COMPLETE
226,226,19168412974103.14,185217.1057397109,904670.3048176074,3794325.711294908,5178220.326549942,COMPLETE
227,227,11241268971831.059,750062.6526704299,410369.34082833026,3798515.749882358,5231744.905407102,COMPLETE
228,228,10828074696719.617,226265.22528039778,844497.4758138193,3711087.624000133,5210718.003269653,COMPLETE
229,229,11199809963406.771,157505.67908035652,809778.2160389597,3527833.0357151856,5269501.709667559,COMPLETE
230,230,39312397620757.01,18700.564843902772,323055.0648674233,3534937.197981477,5021000.180843502,COMPLETE
231,231,11608783754120.812,624017.9994002163,399016.86718085787,3443264.9391245563,4962299.291687634,COMPLETE
232,232,38326759985251.086,3845.751447765855,412264.00870065636,3607168.7337904084,4926711.68076156,COMPLETE
233,233,16723187994620.934,640000.7686378759,996824.2392181092,3882826.9052518005,4881685.290978184,COMPLETE
234,234,30217884976885.094,3804240.230252488,744365.9500072672,3156506.439524385,5478781.971896174,COMPLETE
235,235,10695872543503.158,262824.7056221745,702264.606156856,3299951.106301153,5397190.118517485,COMPLETE
236,236,10854729778303.877,263169.4636797905,721934.8039168325,3285800.647590443,5370983.1770465,COMPLETE
237,237,11265243938486.588,306314.7749676238,739170.3616435477,3216475.664835221,5507900.241205183,COMPLETE
238,238,11266059374861.902,283690.86636499246,807540.7441251104,3244865.662000695,5507421.917132831,COMPLETE
239,239,29234213594773.418,3932072.78070049,1010925.7172076675,3021986.8268721905,5424310.6573561905,COMPLETE
240,240,11934686948484.018,224361.88364067793,996342.3720678058,3036285.10277297,5473087.340245765,COMPLETE
241,241,12605079846880.385,254010.96527437214,998514.5687324667,2981109.7323360248,5714410.088489354,COMPLETE
242,242,17898038805739.1,483426.59687756654,1028857.121727154,3366251.3020191495,5771432.403567448,COMPLETE
243,243,12194987270344.852,519495.6525071359,1210439.8066927777,3413219.6860538293,5702619.7416464435,COMPLETE
244,244,17987146588282.78,494109.9253843308,7759439.142497636,3993226.4242050545,5253814.660469536,COMPLETE
245,245,11259177078060.97,187516.26687139145,614264.5773860444,3331169.1171024647,4687670.386400581,COMPLETE
246,246,11617407493951.822,469654.3689414569,646741.9261119168,3336968.006072129,4678669.367478406,COMPLETE
247,247,12290392453511.04,654336.4212729763,675490.3884016075,3670841.2259423095,4661210.112670106,COMPLETE
248,248,12169959995035.648,715181.1664415036,625453.8407879758,3742351.0609984915,5095851.821669299,COMPLETE
249,249,11034774614946.805,1038694.5977482499,652953.4036960993,3653866.5781009756,5098519.028054744,COMPLETE
250,250,11202030762219.82,1068135.4473910998,542874.691004062,3653024.7375739478,5126890.60730751,COMPLETE
251,251,11345055015480.725,1023488.2954938516,837894.1274862023,3623273.0862182663,5128701.654099886,COMPLETE
252,252,18215911792661.574,1180093.8519164978,246518.04900114506,2776607.15021705,5287092.580718186,COMPLETE
253,253,12096513064562.469,376687.08057956555,269543.0101411985,2856563.986388093,4318001.929996894,COMPLETE
254,254,26433634099640.74,378467.636191326,9374468.758801188,2820820.861147162,5236700.283300237,COMPLETE
255,255,10699656408737.5,167874.1241748288,846433.799178737,4039445.6179814306,4256725.627186645,COMPLETE
256,256,37221093570414.78,24381.752954080293,813854.5964383724,3972335.4833475435,4927099.891200761,COMPLETE
257,257,10997918784884.12,196563.39396392397,876031.7175002054,2575110.1993258893,4966105.815591195,COMPLETE
258,258,12950124986260.541,155895.91034099445,432239.72060050117,2558136.941182989,4888242.15283571,COMPLETE
259,259,10848278910187.764,197950.74206427328,1323014.268085598,3109386.18807358,5373603.518600778,COMPLETE
260,260,15261080162268.42,186379.20387987245,1199349.9061842156,2587104.657977803,4272846.403796508,COMPLETE
261,261,28309798229691.805,2604081.8007946187,1289104.104516231,4063892.4070816925,4135142.394987473,COMPLETE
262,262,10935074626763.16,726922.6543594599,1293588.400977822,4322083.736714855,4315529.023093011,COMPLETE
263,263,36830121998587.945,3994.949853672937,1412261.7152587562,4374230.8893817365,3923677.8732776702,COMPLETE
264,264,10758363559785.008,730869.3382679372,1412456.5626188624,4346816.606475525,4453971.468391312,COMPLETE
265,265,11251346073651.926,544725.9258449646,1431901.8447173531,3095253.6740592374,5970374.802544613,COMPLETE
266,266,18339468473326.395,559111.4949354427,1002874.7396851598,3031866.1282203402,4488134.010252317,COMPLETE
267,267,13001071638614.445,803174.3002144728,1031580.5136865422,4073458.8921646453,4532018.717014482,COMPLETE
268,268,33589815839159.83,851101.1582695958,891721.4732096931,3956564.7235502005,5637923.463218752,COMPLETE
269,269,11724870761499.74,335702.0755264813,858468.8316495811,3375742.227102741,5730819.92251345,COMPLETE
270,270,10916718687678.152,338431.39290950564,1498277.9890429978,4610238.7859280715,4003850.780115426,COMPLETE
271,271,11332711251186.701,350171.25332254614,1815946.1292962842,4471644.419883405,9581564.06888618,COMPLETE
272,272,20234004055830.31,162048.0847471152,1584190.9225259328,4578857.333583485,3972742.1143801673,COMPLETE
273,273,20212086014809.0,141408.18781089576,1685222.213873616,4538770.43047965,4287362.913599868,COMPLETE
274,274,11552690270313.691,600691.651163578,1184626.8529217034,4339637.446515436,4249400.744729073,COMPLETE
275,275,11069263843271.031,603171.0327980504,1155013.3825319782,3121191.6876622946,4289040.436861865,COMPLETE
276,276,10800491975199.787,548261.1223278358,1219481.2294814554,3089830.3250724087,4518113.767944156,COMPLETE
277,277,11296907995245.357,553402.5938229957,406392.54639726586,3141197.774123055,4605475.449454459,COMPLETE
278,278,38062045847218.414,6407.734455904283,448753.8165485429,3159841.3876812197,4726824.510558152,COMPLETE
279,279,13423713922968.008,457084.7581610542,3010902.0121713756,4159160.484421311,4553599.9245843915,COMPLETE
280,280,17952948679041.047,721471.3520122356,2922998.3986102333,2881966.210419308,4694789.051600907,COMPLETE
281,281,11918508962270.271,738283.5370023993,628148.1998056781,2867192.826120813,4505777.464398027,COMPLETE
282,282,10973622607901.535,738934.7888438303,599749.6199160414,3483237.2109228433,4773667.286888042,COMPLETE
283,283,19440204460239.402,1264928.8503570918,633152.055181355,3529955.9153772327,4825335.281887498,COMPLETE
284,284,10984327394715.207,1249280.574170503,739500.0425821051,3456105.20637368,4819817.239126558,COMPLETE
285,285,18946173134904.895,995476.3372034102,974333.4784470625,2505675.313068097,3843903.068694862,COMPLETE
286,286,17755528285223.887,953097.179116359,1015883.7636955618,2491051.4582007476,3775235.9073625887,COMPLETE
287,287,11642600528625.326,440992.7743510507,805315.8834105583,3801014.7525069686,5903473.278703654,COMPLETE
288,288,16559752128179.5,403086.71862051054,5481283.835350451,4900707.149038563,6095326.566864733,COMPLETE
289,289,11083651742195.963,398290.69290780963,821688.6141792573,3857721.301377537,5902265.396343404,COMPLETE
290,290,37115846817504.805,9695151.035682475,246923.6991757037,4153073.6286621364,4501111.927431431,COMPLETE
291,291,11499659736170.926,209035.3895626295,451838.53934493207,5396404.830444972,4137865.214958225,COMPLETE
292,292,18952094691315.234,195837.77365440782,265936.60707715654,4250126.093911852,4098477.6263132,COMPLETE
293,293,10760514910448.432,566147.5469726755,514374.37897033547,5368157.909263467,4401476.685529669,COMPLETE
294,294,11444230142846.096,621217.8040915206,442491.66799450375,2683210.1620356855,4318958.57466551,COMPLETE
295,295,23736057397857.062,593235.898279734,2646525.72511035,2786885.3335870756,4382556.738483521,COMPLETE
296,296,10876432976069.055,857655.199381036,1176003.3720976694,3275700.2299010195,5581843.033701973,COMPLETE
297,297,37581749245749.0,4292.208135873545,479396.88802725193,5502887.690777039,4226441.2591381315,COMPLETE
298,298,19385694217328.965,337835.4370484421,99370.63942352473,4837223.46094306,4470727.838075226,COMPLETE
299,299,41901428438029.26,31718.28056029309,5616.977932100766,5044822.814439776,4428074.175005044,COMPLETE
300,300,11474577202386.98,344421.5257344174,684759.0991550048,5226394.395015765,6429628.589472366,COMPLETE
301,301,14920834441429.02,478715.56987517106,4470469.293182518,5626754.3598087,4976683.485160987,COMPLETE
302,302,10880063432664.047,474835.4886202555,689980.1217810243,2972083.206030012,4858572.36187753,COMPLETE
303,303,18250660818932.1,279606.98547341395,3474329.934005662,3008838.343259202,4041928.1592001333,COMPLETE
304,304,10834852247090.826,571731.8674784008,889892.6400559761,5926457.789398774,4684607.455337531,COMPLETE
305,305,10980323955367.469,554014.1707096775,874482.7594058312,6002383.486575951,4688424.487576257,COMPLETE
306,306,18305753143537.703,651967.8932021039,935947.3717170754,3303473.964961068,4573503.65668824,COMPLETE
307,307,28858509978344.742,6074307.532241798,501018.4625745836,3251335.253055737,6804236.767235596,COMPLETE
308,308,11291399731608.566,932493.1215218503,574818.3319067343,3238463.814682249,3887956.4813016634,COMPLETE
309,309,11082744325094.47,926563.7164508477,504009.6054339927,4712517.795534711,6229590.4217322925,COMPLETE
310,310,14677110365770.734,940703.0148975049,238219.8280311927,3474872.726863651,6149485.425164336,COMPLETE
311,311,17134900627866.459,183973.01204721312,288870.0919673764,3500799.2189518907,4170407.5131046395,COMPLETE
312,312,17978927730217.484,287561.8035839692,1085840.0254683357,4613064.17491513,6197755.4349862365,COMPLETE
313,313,27763655223453.453,3314975.4481588174,1095653.9395820906,2694277.21945157,4925181.966947714,COMPLETE
314,314,10718765221225.818,186799.77226699854,718182.9823586645,5182441.297652506,5021455.198108716,COMPLETE
315,315,36834980228599.05,74.84742483432638,759897.3805693202,2283907.4888367536,5071177.103543232,COMPLETE
316,316,10706172986079.432,675301.3405603417,736932.4743669376,5333389.312400417,4889274.811642996,COMPLETE
317,317,29962556696699.312,3376772.780161984,630397.9053229471,5207599.710419902,4931208.554204761,COMPLETE
318,318,10826182894998.293,687264.0288661625,561709.3960252499,5240914.735364891,4842826.6640651915,COMPLETE
319,319,11217666618299.629,683305.6649878223,497918.1563583138,5330682.560240622,4780387.254474638,COMPLETE
320,320,11053123158598.053,710974.7652092066,414989.21006973274,5377853.678100355,4445061.588166788,COMPLETE
321,321,11608854395591.479,726288.6526786495,373838.90092421556,5769504.602661647,4429807.057410117,COMPLETE
322,322,19152028006888.984,467900.72816171625,4158656.461902863,5434729.485505723,4369112.1850743,COMPLETE
323,323,15614370385295.842,1591752.5761031986,283176.883561247,5053767.000632053,4662651.716555668,COMPLETE
324,324,11428475904078.629,708071.1081846199,317455.9560407321,5157261.51395562,4660126.091987047,COMPLETE
325,325,20541054029960.86,407282.6218621789,183389.77573345578,4970859.877820681,4640676.24270869,COMPLETE
326,326,10699954813010.805,1112756.462550268,635429.8637487722,5220665.121308816,4992117.662152349,COMPLETE
327,327,11063641764870.092,1064085.858005356,655914.3535829858,5562083.705030134,5009920.233150072,COMPLETE
328,328,10791086167838.92,502964.3424241813,675974.32005475,4778552.204227445,5001386.78317696,COMPLETE
329,329,10888304372384.75,517478.69838669576,651770.9305232969,5193542.628768604,4901034.593990556,COMPLETE
330,330,11195575607242.654,376603.6990767274,934925.8043082654,5665800.3425260745,4187868.3318363414,COMPLETE
331,331,42416211859746.664,1350799.4613760617,6403138.064029537,4843829.652920079,5126589.2200050745,COMPLETE
332,332,10940668329014.098,1119167.0966085764,746260.7128640309,4774642.981985835,5032035.624746107,COMPLETE
333,333,43085646798816.05,956806.0090324912,1060833.3701594935,6288167.094466384,5042690.1725277575,COMPLETE
334,334,14555905624140.588,1169483.7317000192,734552.0149721303,4780139.157356733,5335740.629046424,COMPLETE
335,335,10702698154171.477,1225915.8843653616,772481.6637212752,4904673.209584701,5359823.656741277,COMPLETE
336,336,11690197033600.404,837083.2270054184,497891.96892128,4977010.246493602,5292075.709224635,COMPLETE
337,337,11018032880959.525,808985.3450175035,469738.24303036905,4972777.638365125,4792253.829265353,COMPLETE
338,338,10895508941491.232,538224.5725315687,1230007.3050997022,4444174.129165205,4836610.561478315,COMPLETE
339,339,31074357944998.293,4336449.139199084,429365.6739175101,5498803.1823083,4539931.902116969,COMPLETE
340,340,48002717437209.94,1481836.188826954,897003.0953917722,5536936.84630328,4575963.169351859,COMPLETE
341,341,16511007367160.598,354355.9225833002,997559.9844635726,5442606.840410037,4599702.324692002,COMPLETE
342,342,13735289803708.754,307339.0148338096,964197.2205347479,4638694.254500686,7597166.441062469,COMPLETE
343,343,24153459297581.74,358599.2964350263,194477.14739326364,5151275.353485805,5217589.447050782,COMPLETE
344,344,30538504019627.965,5028893.160571612,707721.5123640492,4581546.100085446,5097764.851439752,COMPLETE
345,345,11119616167227.084,601595.0676302313,726405.8003964623,4487913.011333967,5052554.694682214,COMPLETE
346,346,10824197255127.936,635412.5763087742,694661.143190851,4490238.218863504,5058753.135421713,COMPLETE
347,347,29319392088906.02,2329048.6055597602,1170531.200453772,4884134.222095477,3527384.402397124,COMPLETE
348,348,11067502182787.324,192152.98984265613,1317591.2681290358,4908350.189072775,4010613.6825562706,COMPLETE
349,349,36407454690290.79,7806035.6282826625,575293.6548864096,4889976.245254433,3675332.8609706885,COMPLETE
350,350,22641065971663.44,132141.37697131827,1371217.736224366,5078811.835739152,3956679.6274927203,COMPLETE
351,351,40373866808965.42,4627.185711316357,1153137.608426656,4237508.976160427,5552605.702817028,COMPLETE
352,352,10688681632206.275,1102339.930877848,863028.7413641459,4244033.2014343245,5475465.256476688,COMPLETE
353,353,129918881173759.5,8809251.46415095,7541.811873518396,4290789.84685346,5551679.355343262,COMPLETE
354,354,55842026985113.766,1051991.122174328,7346634.793041073,5303797.9144499935,4282244.475596982,COMPLETE
355,355,35590595105160.24,499958.0624477627,121231.59786189673,4284128.687185142,5312373.208594969,COMPLETE
356,356,13245508145572.227,491877.7021366254,840088.2165846523,2877867.351953529,4413268.873559838,COMPLETE
357,357,13012762523075.146,825876.3141432754,790600.0703581029,5803778.880513851,4936884.521567659,COMPLETE
358,358,53534615751115.7,1244254.4789167615,839875.8262193319,2915981.7153626652,5823338.730513759,COMPLETE
359,359,43003665037396.34,1875987.300975669,559601.6195229273,5853762.252858197,5403792.52154091,COMPLETE
360,360,10934536781838.064,890390.0599151968,558187.7639864986,4058413.266528265,5421780.677887942,COMPLETE
361,361,10894672502942.885,1196714.0564230361,546337.4482307107,3077245.350581747,5367041.889579698,COMPLETE
362,362,13410848046199.748,1131251.2565761742,317217.3277770277,3128340.9270104133,5623641.606518099,COMPLETE
363,363,55572765315671.04,1149476.8431687355,8772285.936678637,3054457.765665505,8326557.964956658,COMPLETE
364,364,28041973532866.25,1639061.5536111896,1067139.5530995834,5120168.170783772,5687813.265441434,COMPLETE
365,365,12890152613634.252,300951.6043672988,306525.39663146273,5234026.139523632,5637334.51795557,COMPLETE
366,366,16737870999167.727,321496.29259110603,1061500.358686564,5234036.5729725305,5219672.14081367,COMPLETE
367,367,17129330654729.812,292545.6398298767,1018733.5755579091,4722586.815328412,5142192.303665899,COMPLETE
368,368,11478320847886.66,181516.6446620745,364665.3578553523,4682903.831647184,5973625.471822419,COMPLETE
369,369,11403728079632.518,570307.1303649582,353172.37176095316,4014572.5451351167,4748244.870449322,COMPLETE
370,370,10833737136545.53,583692.6863876242,826972.6542713689,4034800.65003724,4774684.003697377,COMPLETE
371,371,29059036273454.875,5639914.953551037,810786.4320808895,3325465.436576689,4926441.6546502765,COMPLETE
372,372,10855932736665.105,745477.3461073285,621325.5357964353,3276140.3563203965,4366289.679635951,COMPLETE
373,373,42258740529424.086,816440.5378848109,5113618.364574444,3565506.617250101,4189641.6079134643,COMPLETE
374,374,10691863210198.012,427769.9612914022,622242.9687315762,2218344.609306906,4111562.3120491235,COMPLETE
375,375,37181043244876.8,3898.2910505047766,1398173.579387502,4378535.151068064,4107431.4055640153,COMPLETE
376,376,35536208270660.64,19300.088530576555,1402463.0063534363,2754783.8587447857,5238416.9285662025,COMPLETE
377,377,38354975198138.64,58.86122837418225,1351777.7743439465,2114122.9469597116,3913116.830230592,COMPLETE
378,378,14026762511107.26,441741.111194759,946626.734104363,2085284.6365726027,3812276.8183101346,COMPLETE
379,379,16898533455154.852,434144.34210492135,971193.6566617405,2246986.4503623145,3914286.8489379375,COMPLETE
380,380,15916360240466.676,456550.7475164707,983317.964987885,2246568.758449129,4374336.253419144,COMPLETE
381,381,10690399398035.629,215677.10422213053,691026.8024688216,2474359.71586957,4421505.466326081,COMPLETE
382,382,10787533765049.229,211363.52054528595,658242.3788277177,2896902.1583808805,4379030.666237764,COMPLETE
383,383,10904316557295.799,935196.269120838,641336.3953792815,220656.00387071364,5402257.951129894,COMPLETE
384,384,10942080402542.113,1300289.804348052,512478.833206854,19126.091782686068,5458426.603355755,COMPLETE
385,385,10914402103788.79,190783.45289274247,622254.7200060217,1705193.7615146288,4393992.393311582,COMPLETE
386,386,17410162070957.46,1535786.3597652311,189020.19649687817,2513797.3015037244,4326342.391785363,COMPLETE
387,387,13319336901331.176,1405010.1882204073,184140.50219909148,5402709.783087432,4957091.852568626,COMPLETE
388,388,10883801701260.535,206127.79130574808,703714.5431548867,1772360.6105157225,5018216.151584932,COMPLETE
389,389,10780110403617.412,170441.2071253047,748422.3253310653,1267697.2055473176,4959472.454245156,COMPLETE
390,390,11628503020561.252,211746.68588552895,407878.3513975316,5360791.362014312,4967937.061658398,COMPLETE
391,391,11547180393878.854,207723.83048305236,377664.18978469615,1473127.1202139948,4684606.201363421,COMPLETE
392,392,11424192546252.773,187369.5087504345,432391.68796472094,781243.9060353508,4699896.982205048,COMPLETE
393,393,11230837063195.45,230352.9290055481,825028.5259345806,1205705.5363471438,4708963.339550136,COMPLETE
394,394,10796532542628.266,352699.55167413526,784192.2823034902,1101146.6016992226,4697208.259252366,COMPLETE
395,395,54566241177127.95,1446738.5059247897,805609.657474444,3832422.9524287498,4074706.4006667393,COMPLETE
396,396,16207216201052.812,1415847.7741393195,151207.73828215024,3890806.119491988,4113422.2264649416,COMPLETE
397,397,39949133311792.13,12336.106723051722,144402.6422724845,826966.9359410311,4130423.236939039,COMPLETE
398,398,30309992731026.906,348025.0378237837,138380.7080438271,2432854.1919664578,5196174.602931732,COMPLETE
399,399,15089628868684.441,324302.93752291694,1119109.5880689407,887386.0020495342,5194618.661122386,COMPLETE
400,400,29310902825408.93,4554015.242062701,569364.6429482773,901278.6021515061,5194578.012748257,COMPLETE
401,401,10696712722078.514,655123.482889648,565570.534941099,3598233.3586106356,4518019.066546428,COMPLETE
402,402,10718288058972.281,661216.5829100466,596656.4381321245,3515612.590879868,3684340.5474521024,COMPLETE
403,403,38521352752653.88,5231388.198127641,1109316.0642845228,3449505.74021954,4530570.008279309,COMPLETE
404,404,11456409734443.51,658147.514967011,666424.3435813066,5618976.851090679,4507707.642314401,COMPLETE
405,405,11051368825387.867,1033606.0105659602,496838.4280722141,3729134.002297117,3872542.590630643,COMPLETE
406,406,11053670057802.299,715408.5258754428,508020.0211753429,3779249.4576428407,3761273.257093801,COMPLETE
407,407,36132742097609.18,1033190.8287931764,917338.5974585012,3676710.678988416,3609618.9671834493,COMPLETE
408,408,11483995972965.705,1015002.4986616098,408066.54268145544,3710994.469886862,3798635.6677673906,COMPLETE
409,409,11007642353844.016,987192.570862043,331599.29180737585,3548082.9595558,3750996.791300437,COMPLETE
410,410,11584828104738.297,947957.4121257361,311246.28178838914,3573088.921601506,3742981.8382224045,COMPLETE
411,411,35669172858180.805,810746.4109438502,6010990.544740969,3528622.36285,3657120.5157197462,COMPLETE
412,412,11799691717726.098,733838.0846399264,376121.13094446773,3456518.3474202026,3465330.151834378,COMPLETE
413,413,18268072075425.293,687512.5530793921,931818.2969813952,4120493.7466340945,535973.0018393649,COMPLETE
414,414,30346754422839.34,700172.4800121809,6134199.18226892,4043332.9340770626,3309339.548194395,COMPLETE
415,415,16362645027841.887,656227.9802694791,913923.2762257381,4080559.5241648788,4137775.790391436,COMPLETE
416,416,12640608624629.209,558789.0508639601,871888.3231923706,3396509.038435074,4234345.773637056,COMPLETE
417,417,13973079886610.748,558185.2719207115,917500.071168407,4126443.1638983577,4233475.066132376,COMPLETE
418,418,11894175077791.021,456136.3607415282,723712.2252207975,3300331.4770334945,4130453.3826258187,COMPLETE
419,419,11599172591949.568,455245.32845489506,673270.3051553355,3275903.338367625,4249264.367951762,COMPLETE
420,420,10769621915293.158,490583.8118693437,642525.2355139299,3262923.446762603,4823148.274301145,COMPLETE
421,421,10819628740759.668,467332.3914609541,564773.9905533487,3212721.4410266904,4850434.632217929,COMPLETE
422,422,10747775846207.924,1264315.1180150132,560697.2168298623,3918798.958723784,4844488.722444409,COMPLETE
423,423,10687891661811.459,1226964.095452356,520990.2264903971,4317105.621054027,4804803.9440550655,COMPLETE
424,424,49082355141727.33,1230958.0639366973,2415575.8776970766,4346120.493178058,4808248.39281412,COMPLETE
425,425,10964326235669.998,882202.2103708128,504967.21715317934,3950298.168836173,4800946.214270028,COMPLETE
426,426,10743503826261.686,876270.7217289817,391217.5942808173,3629500.6111738803,5321631.162495128,COMPLETE
427,427,21256143606416.63,1810267.9981337744,485739.67846932786,3911937.905834031,5108321.989863135,COMPLETE
428,428,13764272877387.24,1738066.3553506779,46360.966802757,4263454.873535567,5357257.277146853,COMPLETE
429,429,15508762224455.559,1276111.4997525516,259880.11699577168,4556314.216688265,4595012.211310213,COMPLETE
430,430,15693723543080.145,1293752.0694293636,289870.03644187754,4547582.433286446,4560907.253582651,COMPLETE
431,431,18065804508760.973,1449552.2535498133,225681.4400184478,4400275.197570217,4534248.307341287,COMPLETE
432,432,17386673692638.033,1652759.3787124758,230752.08282597305,3703321.397829654,5577225.503059174,COMPLETE
433,433,14242505352247.104,1366881.4723879625,280017.35752348765,3713301.429530291,5555273.954798209,COMPLETE
434,434,13296796709860.918,1244040.438429594,330731.4597296207,3686890.220179657,5656021.94973872,COMPLETE
435,435,29965514783073.12,2087017.6701231515,1057583.453343233,3635224.174931918,5571309.336907262,COMPLETE
436,436,13622263559011.12,1178446.684132978,21254.377075284137,3911731.8768640105,5828304.064806392,COMPLETE
437,437,11242945824357.52,3630347.863433021,10544.024408210767,411665.90065227426,5072313.724147322,COMPLETE
438,438,13381005073082.398,1115871.0577668664,497589.3430139751,3911127.528742793,5057365.34908728,COMPLETE
439,439,12262893941056.535,1023519.0740393172,759780.5855493892,4257958.964875611,5098980.228921409,COMPLETE
440,440,12623880264997.406,1011369.4536096639,515820.9109107729,4198758.388856567,5114675.0681576375,COMPLETE
441,441,11035060051833.51,1165693.5277726557,1186590.4145485524,1906388.3663350572,5353611.890964601,COMPLETE
442,442,10697445943670.777,1004813.9565746235,751051.8851033297,4191831.3287134026,5301546.657821094,COMPLETE
443,443,13488682036778.668,951228.6268919207,755330.6233132861,4324272.287799136,5306966.3637580145,COMPLETE
444,444,21811784781478.65,937465.0224052878,851857.154435151,4296527.0975050805,4802882.892656753,COMPLETE
445,445,15363710734399.959,856805.3478202769,773344.2842181803,3386718.2734908634,4837107.100373737,COMPLETE
446,446,42436023668713.305,1539628.3363032574,1000376.8794665507,3555388.408025689,4826482.907309842,COMPLETE
447,447,10954977612937.059,712745.1742454722,1086685.7210100796,5031280.186424904,4851861.735924207,COMPLETE
448,448,15268795631061.94,781890.3954639104,1032099.3442331974,3524933.6171622747,4936272.045938392,COMPLETE
449,449,10792578474973.86,1179850.9597389358,560791.304068914,3486632.8446831484,5357900.511649102,COMPLETE
450,450,10900392343494.598,1502493.9061051933,578070.9144575666,4083671.7063364657,5411068.55571134,COMPLETE
451,451,10691579753052.19,1454650.0547742904,576445.3251331416,3876972.8518800014,5350749.89388308,COMPLETE
452,452,11263820474287.725,1377426.8524638615,573835.581225391,3863504.1639479613,5269527.040309543,COMPLETE
453,453,11991400478880.578,1289567.4414773455,485314.52352515806,3850283.170702549,5217072.386798824,COMPLETE
454,454,33324387994385.777,9219778.390025191,411291.9144414305,3925368.5310080326,5816813.683369204,COMPLETE
455,455,11108498671685.455,1097168.2704813653,691676.3912504073,3747051.8006080403,5183753.251427013,COMPLETE
456,456,13154738290916.291,1282410.8102461817,399626.0324104451,4047498.6715028766,5700440.426082802,COMPLETE
457,457,27650528545940.414,1796402.8060372635,3309831.2883057855,4112711.7929349076,5779424.282633211,COMPLETE
458,458,10887997355133.67,1411295.3942688634,430674.1691259913,4072215.123685614,5846090.75182365,COMPLETE
459,459,13622208481504.197,1478509.965240719,375375.5127767709,4642707.710317384,5483076.424178165,COMPLETE
460,460,48472323872269.695,1276634.03206855,6964029.805967174,4668238.663089305,5944707.177078258,COMPLETE
461,461,28211201365003.113,4091354.380534026,824338.2029107471,4929907.046012156,5461885.277947002,COMPLETE
462,462,52737503359445.13,1617561.993472,827602.1343305351,4478661.378820444,5531526.489183617,COMPLETE
463,463,51262175033821.93,1540717.5024366458,838959.6039611716,4802811.19458283,5494777.927448191,COMPLETE
464,464,31519052761103.7,4069610.5146208173,723055.6199003889,4937095.424113101,5477214.113402952,COMPLETE
465,465,51298621030643.02,1017797.1607322835,8064190.525930174,4533637.642264959,5044606.401368971,COMPLETE
466,466,53995898379191.445,1090651.4160823799,4890518.885660778,5079890.856255332,5012371.173495599,COMPLETE
467,467,10893579480130.596,907645.6536090379,661535.0210191703,3650319.8506901357,5298868.316394942,COMPLETE
468,468,41587603032552.12,832095.8297809968,4763634.611927076,4189672.7303903983,5247166.277828533,COMPLETE
469,469,13705753941045.771,830713.6984678571,2159863.595005792,3653626.8416519286,5244046.166048809,COMPLETE
470,470,10881387292458.314,913891.0021792693,1209024.4809562364,3622013.1695804307,4642931.435289578,COMPLETE
471,471,28005746266974.94,3142071.173651437,1264822.6811208576,612961.1940189486,4637462.093744349,COMPLETE
472,472,16047411112686.316,380836.31716160197,1214521.4530441023,3102634.098432287,4640808.339405633,COMPLETE
473,473,11011513371596.885,381289.58278064575,1240557.277791671,3096379.0881475834,4640487.554049079,COMPLETE
474,474,12165890896158.068,640160.1848163052,219389.01089127862,3401137.639496591,4653946.28906855,COMPLETE
475,475,13350372343015.629,641998.9539653811,239422.4381463444,3373802.9980253237,5002215.759048644,COMPLETE
476,476,15019884630109.676,7443004.62581156,204641.26618593995,3841523.817844318,4923921.010603142,COMPLETE
477,477,19076712598925.203,1148706.0087168012,221628.02199215366,3421567.6064961543,4997328.677985016,COMPLETE
478,478,20343948206471.676,1107804.006301832,970413.0211093313,3910758.5477266586,4946934.4900035355,COMPLETE
479,479,88757653536179.55,7564.862165824743,977079.5886825067,3892359.574982081,5690265.159273784,COMPLETE
480,480,36230455116707.03,2832.926153261913,976896.5593606192,3932551.6914912704,9015237.543826375,COMPLETE
481,481,20448090365414.215,134646.99553057502,970130.3604869503,4359784.6618438475,6067073.4441604605,COMPLETE
482,482,10850467787773.906,355732.33508800867,596853.5263636905,4385138.93974677,6081596.182813143,COMPLETE
483,483,11069185518970.559,340110.81564112566,597722.305199722,4387299.873758689,5311879.786055817,COMPLETE
484,484,28999757951412.156,1974467.138037689,570531.5581981605,5114793.585378763,5294144.081519064,COMPLETE
485,485,10673472027730.188,524473.3902254603,624416.9787944794,5163108.260494895,3482219.8218112835,COMPLETE
486,486,10961311583084.42,581960.9701213461,632886.862518091,5179441.297279545,5170819.2768943,COMPLETE
487,487,10878778435486.879,600275.1299854785,704540.773006955,4121669.5792011498,4413610.196484427,COMPLETE
488,488,29093716267181.273,1976305.638957793,4106578.6435396867,2988719.4625821775,4390167.871862569,COMPLETE
489,489,10944428401934.168,531090.0668800445,780671.9229174826,5462171.246492445,3499238.4832461206,COMPLETE
490,490,11168913685025.633,508992.1683205408,772388.0225975207,5507013.349551324,3681399.598718771,COMPLETE
491,491,12130022285701.38,776452.501813662,418235.87528972444,5387260.967775289,3435753.330095162,COMPLETE
492,492,41968632865258.01,2587107.0052197,418704.613455827,5262305.538684864,3356800.742159806,COMPLETE
493,493,18703310348357.688,753918.9674130213,3811927.9697673377,5294379.919004103,3524433.689887921,COMPLETE
494,494,10825457063283.408,801519.9879208177,492406.4336948126,4840123.178350662,3404330.851566605,COMPLETE
495,495,11562912213474.56,228634.99054945586,462313.8312427398,4814610.875043929,3296784.888571578,COMPLETE
496,496,48918014372686.46,2747481.1302853134,409615.9066835698,5666694.934877186,3326346.355038948,COMPLETE
497,497,37124622510434.29,6852109.017215306,848969.0241634354,5034864.081844305,3038036.4989825776,COMPLETE
498,498,15495154708477.057,235721.0511815616,891962.4835752203,4765882.144573152,3285959.844955763,COMPLETE
499,499,16506606831989.285,399963.81453082553,960915.7304069122,5729862.67722267,3060859.041200347,COMPLETE
500,500,16218940557669.264,336019.26959043887,990000.4734003156,4616534.751165197,6394804.994244438,COMPLETE
501,501,27943554221151.934,340206.28715197195,9595075.38826285,1601107.6180966424,5664958.676360721,COMPLETE
502,502,25302259025115.055,422918.4737314414,9730298.006607901,5154458.356725997,5577900.375346564,COMPLETE
503,503,16569855075377.092,547881.4255014102,10472.704352580942,3176719.038515335,4016938.9353626706,COMPLETE
504,504,18418399497886.91,536066.1238802553,5675.937689213664,3247399.1897161747,3961745.304654642,COMPLETE
505,505,12602444772175.113,628232.815674311,1136528.3745487684,3207380.119794112,4002567.0597016984,COMPLETE
506,506,11100618683245.299,646524.1461066647,707430.879270216,3235987.274490649,3879000.4393778,COMPLETE
507,507,10994887418947.484,951924.7759374029,690901.0296325273,3235568.6509102164,3939110.940688379,COMPLETE
508,508,10992083743781.994,914771.2140327571,704582.4078772345,2312654.7667771806,5388775.145592272,COMPLETE
509,509,11018548906205.771,973647.509265671,703547.5546006036,5000769.298814503,5891159.5210696105,COMPLETE
510,510,11050020300873.762,936843.5733722275,713046.3193110708,4969729.395627371,5400237.418293451,COMPLETE
511,511,14454737598735.65,217447.54701570657,289871.8078823727,5014029.03900017,5876064.569011984,COMPLETE
512,512,12516309807222.383,172719.6986313351,411656.12451690633,2914833.867230618,5169486.894692157,COMPLETE
513,513,19461254002921.863,133890.3727652284,310357.4412363514,1926039.1402256996,5136075.4944413295,COMPLETE
514,514,25245157932779.82,131055.50431899971,1130477.4304672405,2755924.491515002,5120303.60131224,COMPLETE
515,515,38256282385231.94,4325.942336485838,1090097.5925049789,2896360.4600669206,5118679.939966025,COMPLETE
516,516,38041568195194.47,10647.198358064925,482732.7229778715,2609967.3675311618,4801212.680608909,COMPLETE
517,517,11180597546055.48,705128.874244609,857827.9563296109,4516024.7228631675,4777230.271085384,COMPLETE
518,518,36745258235297.57,2613.5888521962333,874163.3961949064,3525362.254146758,4310824.82888767,COMPLETE
519,519,37048090233487.58,6504078.194929703,839745.0508290232,3529687.6303075105,4303926.414514796,COMPLETE
520,520,21427360400641.855,782140.3485738484,1036470.4235885055,4561525.5075285565,5670725.1156204175,COMPLETE
521,521,10832752886471.96,476293.3642079114,550452.3214064315,4217611.303930725,5723293.738424918,COMPLETE
522,522,30102222626190.965,6518236.893699288,621302.4674338491,4221461.594787379,5628670.0870193215,COMPLETE
523,523,10815912388069.79,429801.04328826943,574893.0076418248,4144791.2897016993,4460206.987487013,COMPLETE
524,524,17437290141112.771,371291.65893012175,186414.42551055356,6976959.682770705,5472110.170754695,COMPLETE
525,525,18009215165166.266,1128377.4582035183,207725.1036692717,4681874.4824525295,4507926.861714057,COMPLETE
526,526,12625358172279.385,474610.9586468553,194695.57570814597,3704319.7794738,5426231.779623187,COMPLETE
527,527,10726170556297.617,1119063.345964082,356745.04709156736,3651066.2829606724,4518609.100585896,COMPLETE
